time,t_s,edge_c,junction_c,mem_c,power_w,sclk_mhz,mclk_mhz,fan,vram_used_gib
2026-10-04T19:01:05,0.0,39.0,,46.0,74.14,345.0,2619.0,,0.0
2026-10-04T19:01:15,10.0,40.0,,46.0,125.01,1980.0,2619.0,,2.24
2026-10-04T19:01:25,20.1,56.0,,57.0,452.07,1980.0,2619.0,,4.94
2026-10-04T19:01:35,30.1,59.0,,61.0,615.24,1980.0,2619.0,,16.45
2026-10-04T19:01:45,40.1,61.0,,63.0,627.07,1980.0,2619.0,,16.45
2026-10-04T19:01:55,50.2,63.0,,64.0,627.94,1980.0,2619.0,,16.45
2026-10-04T19:02:06,60.2,62.0,,64.0,605.2,1980.0,2619.0,,16.45
2026-10-04T19:02:16,70.3,63.0,,64.0,615.52,1980.0,2619.0,,16.45
2026-10-04T19:02:26,80.3,47.0,,52.0,133.63,1980.0,2619.0,,3.83
2026-10-04T19:02:36,90.4,45.0,,50.0,129.76,1980.0,2619.0,,3.83
2026-10-04T19:02:46,100.4,43.0,,48.0,128.65,1980.0,2619.0,,3.84
2026-10-04T19:02:56,110.4,42.0,,48.0,127.6,1980.0,2619.0,,3.85
2026-10-04T19:03:06,120.5,42.0,,46.0,127.15,1980.0,2619.0,,3.86
2026-10-04T19:03:16,130.5,41.0,,46.0,127.01,1980.0,2619.0,,3.87
2026-10-04T19:03:26,140.6,42.0,,46.0,139.27,1980.0,2619.0,,3.88
