step,tokens,loss,grad_norm,value_grad_norm,gates,tok_s,peak_vram_gib
10,327680,2.569105386734009,0.0023349267430603504,3.521171038300963e-06,0.0002 -0.0001 -0.0000,27932,33.08
20,655360,2.5199841260910034,0.01830740086734295,1.712330777081661e-05,0.0007 -0.0006 -0.0003,31303,33.08
30,983040,2.549445390701294,0.08340442180633545,7.269333582371473e-05,0.0016 -0.0015 -0.0012,32509,33.08
40,1310720,2.6065996289253235,0.3264237642288208,0.0005333293229341507,0.0029 -0.0028 -0.0025,32522,33.08
50,1638400,2.7320427298545837,0.9678066372871399,0.002327102003619075,0.0046 -0.0045 -0.0043,32471,33.08
60,1966080,2.465412527322769,1.8154274225234985,0.005110722500830889,0.0068 -0.0067 -0.0065,32523,33.08
70,2293760,2.6346487998962402,1.6173408031463623,0.006139098200947046,0.0093 -0.0094 -0.0091,32430,33.08
80,2621440,2.488230347633362,0.1967441588640213,0.002756792353466153,0.0119 -0.0119 -0.0122,32517,33.08
90,2949120,2.2977691888809204,0.13655288517475128,0.0021927068009972572,0.0132 -0.0131 -0.0156,32613,33.08
100,3276800,2.4645891785621643,0.2484782487154007,0.002087007975205779,0.0136 -0.0145 -0.0188,32420,33.08
110,3604480,2.652924358844757,0.25520607829093933,0.0020364492665976286,0.0143 -0.0166 -0.0220,32667,33.08
120,3932160,2.4992650151252747,0.20836710929870605,0.003124415874481201,0.0156 -0.0184 -0.0259,32591,33.08
130,4259840,2.3646859526634216,0.16797789931297302,0.0025368614587932825,0.0171 -0.0203 -0.0301,32702,33.08
140,4587520,2.6198657155036926,0.18971037864685059,0.002915457356721163,0.0190 -0.0221 -0.0344,32574,33.08
150,4915200,2.285711884498596,0.2889765501022339,0.0037417991552501917,0.0207 -0.0242 -0.0389,32657,33.08
160,5242880,2.440165162086487,0.14962460100650787,0.004464165773242712,0.0237 -0.0273 -0.0439,32748,33.08
170,5570560,2.392030417919159,0.0946429893374443,0.00433459784835577,0.0271 -0.0307 -0.0494,32656,33.08
180,5898240,2.4417802691459656,0.11352233588695526,0.004857283551245928,0.0303 -0.0344 -0.0546,32751,33.08
190,6225920,2.367830455303192,0.06519141048192978,0.00550041301175952,0.0336 -0.0380 -0.0601,32639,33.08
200,6553600,2.432188034057617,0.060104433447122574,0.00623717624694109,0.0371 -0.0418 -0.0652,32637,33.08
210,6881280,2.372070074081421,0.04385216534137726,0.006937612313777208,0.0402 -0.0456 -0.0705,32463,33.08
220,7208960,2.5519585013389587,0.08268876373767853,0.007444331422448158,0.0440 -0.0492 -0.0752,32760,33.08
230,7536640,2.30657422542572,0.12257445603609085,0.007624214049428701,0.0461 -0.0519 -0.0799,32611,33.08
240,7864320,2.377641975879669,0.04075230658054352,0.007772956974804401,0.0491 -0.0557 -0.0848,32689,33.08
250,8192000,2.325860917568207,0.06518431007862091,0.008386054076254368,0.0521 -0.0582 -0.0887,32612,33.08
260,8519680,2.4336907863616943,0.06632336229085922,0.009241163730621338,0.0541 -0.0601 -0.0918,32710,33.08
270,8847360,2.2799505591392517,0.05383523181080818,0.009547664783895016,0.0567 -0.0630 -0.0956,32260,33.08
280,9175040,2.5414087772369385,0.05836835503578186,0.010232923552393913,0.0593 -0.0661 -0.0995,32587,33.08
290,9502720,2.6107532382011414,0.04947393387556076,0.010359293781220913,0.0600 -0.0682 -0.1023,32526,33.08
300,9830400,2.357748508453369,0.0583006851375103,0.010803213343024254,0.0610 -0.0698 -0.1050,32503,33.08
310,10158080,2.2296817898750305,0.04182930290699005,0.010167804546654224,0.0621 -0.0712 -0.1079,32592,33.08
320,10485760,2.450029969215393,0.04956235736608505,0.010996060445904732,0.0624 -0.0730 -0.1100,32436,33.08
330,10813440,2.435211420059204,0.04030059278011322,0.010993042029440403,0.0629 -0.0744 -0.1113,32632,33.08
340,11141120,2.4501474499702454,0.08002012968063354,0.01097999420017004,0.0635 -0.0759 -0.1131,32475,33.08
350,11468800,2.5588505268096924,0.04096735641360283,0.010702038183808327,0.0643 -0.0771 -0.1152,32468,33.08
360,11796480,2.159054458141327,0.09875190258026123,0.010772637091577053,0.0651 -0.0784 -0.1177,32693,33.08
370,12124160,2.2108511328697205,0.14149370789527893,0.011078131385147572,0.0667 -0.0808 -0.1218,32632,33.08
380,12451840,2.2323989868164062,0.060350388288497925,0.011547902598977089,0.0667 -0.0812 -0.1229,32626,33.08
390,12779520,2.232131838798523,0.07632023841142654,0.010928378440439701,0.0672 -0.0818 -0.1240,32365,33.08
400,13107200,2.3061825335025787,0.1649976521730423,0.011360862292349339,0.0676 -0.0839 -0.1267,32595,33.08
410,13434880,2.355468988418579,0.04887905344367027,0.01179394219070673,0.0689 -0.0855 -0.1282,32402,33.08
420,13762560,2.257613241672516,0.07290847599506378,0.010927600786089897,0.0681 -0.0849 -0.1284,32462,33.08
430,14090240,2.230649411678314,0.08688957989215851,0.011045679450035095,0.0692 -0.0862 -0.1301,32452,33.08
440,14417920,2.13143989443779,0.04862044379115105,0.011429053731262684,0.0699 -0.0876 -0.1315,32569,33.08
450,14745600,2.5002310276031494,0.04906028136610985,0.011782683432102203,0.0691 -0.0872 -0.1318,32584,33.08
460,15073280,2.557607114315033,0.0625314936041832,0.010870841331779957,0.0696 -0.0882 -0.1328,32484,33.08
470,15400960,2.241286039352417,0.08223991096019745,0.011700875125825405,0.0701 -0.0891 -0.1336,32430,33.08
480,15728640,2.132304847240448,0.060885097831487656,0.011875570751726627,0.0717 -0.0906 -0.1352,32485,33.08
490,16056320,2.2519075870513916,0.0582573264837265,0.011376794427633286,0.0708 -0.0909 -0.1363,32528,33.08
500,16384000,2.2177144587039948,0.09123938530683517,0.011477678082883358,0.0710 -0.0915 -0.1378,32385,33.08
510,16711680,2.4213134050369263,0.05762289837002754,0.012274092994630337,0.0723 -0.0940 -0.1401,32443,33.08
520,17039360,2.3370736837387085,0.06576477736234665,0.011545452289283276,0.0714 -0.0956 -0.1406,32414,33.08
530,17367040,2.4534462094306946,0.10414107143878937,0.011818038299679756,0.0728 -0.0967 -0.1433,32635,33.08
540,17694720,2.3627973794937134,0.06145097687840462,0.011755145154893398,0.0730 -0.0968 -0.1450,32695,33.08
550,18022400,2.289025664329529,0.09461390972137451,0.011970164254307747,0.0732 -0.0963 -0.1451,32663,33.08
560,18350080,2.1149483919143677,0.05096495524048805,0.011401920579373837,0.0732 -0.0964 -0.1452,32622,33.08
570,18677760,2.3596616983413696,0.06394365429878235,0.011589422821998596,0.0729 -0.0963 -0.1448,32689,33.08
580,19005440,2.2272356748580933,0.06081119179725647,0.011103992350399494,0.0729 -0.0967 -0.1454,32701,33.08
590,19333120,2.365776240825653,0.06254077702760696,0.011848913505673409,0.0734 -0.0981 -0.1471,32631,33.08
600,19660800,2.265844404697418,0.06943842768669128,0.01145981065928936,0.0736 -0.0996 -0.1480,32710,33.08
610,19988480,2.4354504346847534,0.08301472663879395,0.011729664169251919,0.0736 -0.1004 -0.1495,32671,33.08
620,20316160,2.535634219646454,0.05054909735918045,0.011506682261824608,0.0731 -0.0999 -0.1504,4703,33.08
630,20643840,2.3992840051651,0.06437334418296814,0.011476092971861362,0.0741 -0.1009 -0.1521,32587,33.08
640,20971520,2.3628281354904175,0.04833655804395676,0.01146748661994934,0.0746 -0.1019 -0.1538,32561,33.08
650,21299200,2.3581045269966125,0.05083421245217323,0.012256703339517117,0.0755 -0.1030 -0.1542,32557,33.08
660,21626880,2.129960209131241,0.09222617745399475,0.011754167266190052,0.0750 -0.1030 -0.1549,32647,33.08
670,21954560,2.428852677345276,0.08302227407693863,0.011990169063210487,0.0746 -0.1031 -0.1558,32676,33.08
680,22282240,2.4169394969940186,0.06416480243206024,0.011410314589738846,0.0742 -0.1027 -0.1552,32673,33.08
690,22609920,2.201766610145569,0.06250102072954178,0.011888991110026836,0.0744 -0.1037 -0.1559,32672,33.08
700,22937600,2.3264072835445404,0.15721209347248077,0.011108392849564552,0.0735 -0.1027 -0.1563,32593,33.08
710,23265280,2.3360058665275574,0.05516298860311508,0.011567387729883194,0.0748 -0.1034 -0.1587,32686,33.08
720,23592960,2.2421529293060303,0.06328973174095154,0.01242213323712349,0.0760 -0.1047 -0.1606,32594,33.08
730,23920640,2.3270188570022583,0.050672344863414764,0.01135009340941906,0.0749 -0.1047 -0.1605,32662,33.08
740,24248320,2.270423799753189,0.05532532557845116,0.011452993378043175,0.0757 -0.1056 -0.1616,32660,33.08
750,24576000,2.1542146801948547,0.1031944528222084,0.012620167806744576,0.0771 -0.1062 -0.1627,31757,33.08
760,24903680,2.3237830996513367,0.0805150717496872,0.011939089745283127,0.0760 -0.1070 -0.1648,32586,33.08
770,25231360,2.384869337081909,0.07030153274536133,0.011391477659344673,0.0762 -0.1070 -0.1647,32430,33.08
780,25559040,2.3021697402000427,0.0876879096031189,0.011333304457366467,0.0774 -0.1077 -0.1656,32548,33.08
790,25886720,2.394796311855316,0.0741124078631401,0.011921552941203117,0.0774 -0.1077 -0.1667,32587,33.08
800,26214400,2.2543399333953857,0.04641822725534439,0.011561551131308079,0.0768 -0.1076 -0.1672,32604,33.08
810,26542080,2.135093539953232,0.07152450084686279,0.011601952835917473,0.0767 -0.1077 -0.1660,32487,33.08
820,26869760,2.0903359055519104,0.0674816444516182,0.011332090012729168,0.0765 -0.1092 -0.1657,32614,33.08
830,27197440,2.193294107913971,0.04846688732504845,0.011299566365778446,0.0764 -0.1085 -0.1664,32602,33.08
840,27525120,2.2137519121170044,0.0557204894721508,0.011662378907203674,0.0759 -0.1082 -0.1666,32403,33.08
850,27852800,2.292057305574417,0.11389229446649551,0.011524316854774952,0.0756 -0.1100 -0.1683,32524,33.08
860,28180480,1.996387779712677,0.05058072879910469,0.01199731882661581,0.0766 -0.1116 -0.1704,32481,33.08
870,28508160,2.238782823085785,0.07057271897792816,0.0125196548178792,0.0768 -0.1115 -0.1720,32531,33.08
880,28835840,2.355614483356476,0.05030161142349243,0.011195137165486813,0.0768 -0.1103 -0.1722,32561,33.08
890,29163520,2.112842381000519,0.05381198972463608,0.012054448947310448,0.0770 -0.1101 -0.1721,32526,33.08
900,29491200,2.4007343649864197,0.0753580778837204,0.011535975150763988,0.0777 -0.1107 -0.1717,32503,33.08
910,29818880,2.307361125946045,0.06793375313282013,0.01211508922278881,0.0779 -0.1126 -0.1735,32483,33.08
920,30146560,2.364449918270111,0.052024830132722855,0.011595772579312325,0.0770 -0.1122 -0.1744,32385,33.08
930,30474240,2.1233223378658295,0.0497477725148201,0.011695731431245804,0.0765 -0.1122 -0.1753,32500,33.08
940,30801920,2.2677555084228516,0.05863802507519722,0.011480510234832764,0.0769 -0.1120 -0.1751,32460,33.08
950,31129600,2.141347348690033,0.10956244170665741,0.011769839562475681,0.0773 -0.1118 -0.1749,32444,33.08
960,31457280,2.2963021397590637,0.052081651985645294,0.011762275360524654,0.0775 -0.1120 -0.1765,32504,33.08
970,31784960,2.4814298152923584,0.05442265793681145,0.011270517483353615,0.0781 -0.1127 -0.1780,32444,33.08
980,32112640,2.3721460103988647,0.052107881754636765,0.011312841437757015,0.0787 -0.1132 -0.1787,32483,33.08
990,32440320,2.3798105120658875,0.13872671127319336,0.011629694141447544,0.0783 -0.1134 -0.1790,32505,33.08
1000,32768000,2.4706256985664368,0.1059710904955864,0.011793897487223148,0.0778 -0.1128 -0.1796,32643,33.08
1010,33095680,2.4633765816688538,0.07042478770017624,0.011318495497107506,0.0779 -0.1128 -0.1791,32594,33.08
1020,33423360,2.206910729408264,0.08377768844366074,0.011424818076193333,0.0792 -0.1147 -0.1795,32624,33.08
1030,33751040,2.249850332736969,0.06223784759640694,0.011604221537709236,0.0786 -0.1150 -0.1802,32483,33.08
1040,34078720,2.1348187625408173,0.07789066433906555,0.01120042148977518,0.0774 -0.1147 -0.1805,32462,33.08
1050,34406400,2.407816380262375,0.05527215078473091,0.012312185019254684,0.0776 -0.1150 -0.1817,32488,33.08
1060,34734080,2.3476261496543884,0.0498691126704216,0.011549868620932102,0.0778 -0.1140 -0.1808,32427,33.08
1070,35061760,2.327567458152771,0.05588124692440033,0.011781805194914341,0.0782 -0.1137 -0.1804,32496,33.08
1080,35389440,2.2392505407333374,0.0959358885884285,0.012013353407382965,0.0791 -0.1145 -0.1821,32477,33.08
1090,35717120,2.1917889416217804,0.06191132590174675,0.010688213631510735,0.0790 -0.1146 -0.1830,32468,33.08
1100,36044800,2.183613121509552,0.09988963603973389,0.011206730268895626,0.0784 -0.1143 -0.1837,32503,33.08
1110,36372480,2.264084041118622,0.07788250595331192,0.012026173993945122,0.0790 -0.1145 -0.1842,32645,33.08
1120,36700160,2.327018141746521,0.056504249572753906,0.011468854732811451,0.0786 -0.1143 -0.1848,32649,33.08
1130,37027840,2.335174262523651,0.06782688200473785,0.011709248647093773,0.0773 -0.1141 -0.1841,32640,33.08
1140,37355520,2.1213276088237762,0.06324794143438339,0.012224649079144001,0.0782 -0.1158 -0.1845,32664,33.08
1150,37683200,2.2829895615577698,0.057292819023132324,0.010957549326121807,0.0788 -0.1164 -0.1856,32669,33.08
1160,38010880,2.1871552169322968,0.07005501538515091,0.012141297571361065,0.0789 -0.1156 -0.1856,32657,33.08
1170,38338560,2.123642385005951,0.13154125213623047,0.012343890964984894,0.0785 -0.1148 -0.1863,32622,33.08
1180,38666240,2.34976863861084,0.06011836603283882,0.011708339676260948,0.0786 -0.1149 -0.1872,32636,33.08
1190,38993920,2.3992353081703186,0.06384339928627014,0.011453858576714993,0.0791 -0.1148 -0.1869,32562,33.08
1200,39321600,2.114040434360504,0.0539531372487545,0.011646891012787819,0.0801 -0.1157 -0.1880,32626,33.08
1210,39649280,2.3212987184524536,0.07822474837303162,0.011538458988070488,0.0808 -0.1169 -0.1895,32651,33.08
1220,39976960,2.2051070630550385,0.08241429179906845,0.012306703254580498,0.0802 -0.1163 -0.1900,32558,33.08
1230,40304640,2.3515633940696716,0.0728372186422348,0.011518190614879131,0.0789 -0.1157 -0.1894,4692,33.08
1240,40632320,2.4244096875190735,0.07390302419662476,0.011649207212030888,0.0793 -0.1163 -0.1898,32643,33.08
1250,40960000,2.110933244228363,0.0572836697101593,0.011586461216211319,0.0791 -0.1165 -0.1901,32595,33.08
1260,41287680,2.3897775411605835,0.1222483217716217,0.012559348717331886,0.0804 -0.1173 -0.1907,32665,33.08
1270,41615360,2.2466737031936646,0.13932651281356812,0.012587422505021095,0.0800 -0.1164 -0.1904,32637,33.08
1280,41943040,2.1788212060928345,0.07263022661209106,0.011278806254267693,0.0793 -0.1154 -0.1911,32629,33.08
1290,42270720,2.028684586286545,0.12020821124315262,0.012234182097017765,0.0791 -0.1156 -0.1911,32613,33.08
1300,42598400,2.1197177469730377,0.056446921080350876,0.011305393651127815,0.0793 -0.1158 -0.1908,32593,33.08
1310,42926080,2.2049623131752014,0.07977645099163055,0.011429726146161556,0.0794 -0.1159 -0.1915,32535,33.08
1320,43253760,2.1754778027534485,0.11748790740966797,0.012065999209880829,0.0799 -0.1157 -0.1927,32639,33.08
1330,43581440,2.357344627380371,0.07142314314842224,0.01168358139693737,0.0799 -0.1163 -0.1928,32629,33.08
1340,43909120,2.2922818660736084,0.05695004761219025,0.011620660312473774,0.0800 -0.1169 -0.1926,32654,33.08
1350,44236800,2.3066883385181427,0.06142740696668625,0.01100909523665905,0.0804 -0.1174 -0.1944,32664,33.08
1360,44564480,2.424711525440216,0.07117635011672974,0.011705354787409306,0.0803 -0.1172 -0.1962,32541,33.08
1370,44892160,2.354354202747345,0.06904211640357971,0.012200096622109413,0.0801 -0.1172 -0.1967,32663,33.08
1380,45219840,2.11374694108963,0.07153384387493134,0.013023102656006813,0.0799 -0.1170 -0.1958,32642,33.08
1390,45547520,2.1096938252449036,0.11256138235330582,0.011342042125761509,0.0803 -0.1171 -0.1958,32661,33.08
1400,45875200,2.203529566526413,0.11118271946907043,0.011890861205756664,0.0818 -0.1180 -0.1966,32661,33.08
1410,46202880,2.1861634850502014,0.08881324529647827,0.012407164089381695,0.0821 -0.1182 -0.1969,32693,33.08
1420,46530560,2.163292646408081,0.06273958086967468,0.011479107663035393,0.0808 -0.1183 -0.1968,32595,33.08
1430,46858240,2.3465524911880493,0.09280912578105927,0.011440495029091835,0.0809 -0.1178 -0.1977,32661,33.08
1440,47185920,2.3259427547454834,0.06329461187124252,0.011661345139145851,0.0809 -0.1176 -0.1980,32588,33.08
1450,47513600,2.267187178134918,0.07687778025865555,0.01235147938132286,0.0809 -0.1175 -0.1981,32641,33.08
1460,47841280,2.2143892645835876,0.06208503618836403,0.011447020806372166,0.0814 -0.1176 -0.1987,32584,33.08
1470,48168960,2.35886412858963,0.12266987562179565,0.011752909980714321,0.0814 -0.1175 -0.1986,32576,33.08
1480,48496640,2.249301791191101,0.06271470338106155,0.011981639079749584,0.0820 -0.1185 -0.1993,32691,33.08
1490,48824320,2.1957582235336304,0.05673588439822197,0.011694788932800293,0.0815 -0.1190 -0.1990,32609,33.08
1500,49152000,2.1875545382499695,0.08171519637107849,0.01509519200772047,0.0816 -0.1193 -0.1999,32690,33.08
1510,49479680,1.9084986746311188,0.08014363795518875,0.013033759780228138,0.0819 -0.1191 -0.2014,32664,33.08
1520,49807360,2.3082516193389893,0.057941533625125885,0.0118925292044878,0.0808 -0.1193 -0.2022,31982,33.08
1530,50135040,2.146334648132324,0.08691351860761642,0.013109063729643822,0.0817 -0.1206 -0.2035,32579,33.08
1540,50462720,2.454318106174469,0.10705805569887161,0.01291578821837902,0.0813 -0.1196 -0.2029,32577,33.08
1550,50790400,2.265873372554779,0.05422509089112282,0.011219410225749016,0.0811 -0.1194 -0.2026,32583,33.08
1560,51118080,2.486399292945862,0.06398472934961319,0.01102500967681408,0.0816 -0.1197 -0.2024,32564,33.08
1570,51445760,2.407248079776764,0.07285746932029724,0.011438125744462013,0.0821 -0.1195 -0.2027,32621,33.08
1580,51773440,2.392723798751831,0.06336823105812073,0.012214245274662971,0.0821 -0.1189 -0.2028,32513,33.08
1590,52101120,2.336929142475128,0.08926625549793243,0.012109953910112381,0.0824 -0.1194 -0.2042,32581,33.08
1600,52428800,2.402064263820648,0.08791039139032364,0.011926524341106415,0.0823 -0.1195 -0.2047,32606,33.08
1610,52756480,2.3005886673927307,0.07543428242206573,0.010812833905220032,0.0822 -0.1194 -0.2042,32629,33.08
1620,53084160,2.222420573234558,0.06368304789066315,0.011942625977098942,0.0816 -0.1195 -0.2043,32559,33.08
1630,53411840,2.2405123710632324,0.056486163288354874,0.011204787530004978,0.0816 -0.1191 -0.2041,32609,33.08
1640,53739520,2.2450226545333862,0.08469080179929733,0.012173653580248356,0.0819 -0.1192 -0.2045,32597,33.08
1650,54067200,2.0780779123306274,0.05475638806819916,0.010920781642198563,0.0821 -0.1197 -0.2058,32596,33.08
1660,54394880,2.3131116032600403,0.06021095812320709,0.012289147824048996,0.0827 -0.1199 -0.2064,32618,33.08
1670,54722560,2.285353422164917,0.06584877520799637,0.011832522228360176,0.0831 -0.1203 -0.2069,32523,33.08
1680,55050240,2.148148626089096,0.05686385557055473,0.011472098529338837,0.0824 -0.1210 -0.2070,32546,33.08
1690,55377920,2.329659640789032,0.4995534121990204,0.01153125986456871,0.0836 -0.1221 -0.2081,32542,33.08
1700,55705600,1.9959657192230225,0.16948607563972473,0.016218964010477066,0.0867 -0.1253 -0.2114,32643,33.08
1710,56033280,2.2226871252059937,0.3942019045352936,0.014240157790482044,0.0898 -0.1286 -0.2148,32602,33.08
1720,56360960,2.0324453711509705,0.2680489122867584,0.018667496740818024,0.0928 -0.1317 -0.2181,32625,33.08
1730,56688640,1.8722510039806366,0.21160918474197388,0.016411516815423965,0.0956 -0.1347 -0.2211,32654,33.08
1740,57016320,1.8784625828266144,0.1620374470949173,0.01918463036417961,0.0980 -0.1373 -0.2238,32500,33.08
1750,57344000,2.2122572660446167,0.12606236338615417,0.019465386867523193,0.1003 -0.1399 -0.2263,32644,33.08
1760,57671680,2.2108312845230103,0.1968768984079361,0.019304674118757248,0.1021 -0.1419 -0.2284,32571,33.08
1770,57999360,2.119491398334503,0.31947457790374756,0.01955757848918438,0.1035 -0.1438 -0.2304,32622,33.08
1780,58327040,1.9447091817855835,0.13172830641269684,0.019778629764914513,0.1052 -0.1460 -0.2328,32577,33.08
1790,58654720,1.9773409962654114,0.22745482623577118,0.019451698288321495,0.1062 -0.1478 -0.2348,32644,33.08
1800,58982400,2.2217876613140106,0.15072788298130035,0.019998596981167793,0.1068 -0.1491 -0.2361,32617,33.08
1810,59310080,1.9894907176494598,0.22322946786880493,0.01957058720290661,0.1082 -0.1510 -0.2379,32603,33.08
1820,59637760,1.9897773265838623,0.12225326895713806,0.020206354558467865,0.1095 -0.1530 -0.2400,32570,33.08
1830,59965440,2.0644986033439636,0.17928577959537506,0.02049381658434868,0.1109 -0.1549 -0.2420,32634,33.08
1840,60293120,2.019759774208069,0.23666657507419586,0.021010247990489006,0.1118 -0.1564 -0.2434,4691,33.08
1850,60620800,2.046587109565735,0.1149146780371666,0.02181917242705822,0.1132 -0.1581 -0.2452,32562,33.08
1860,60948480,1.8404810428619385,0.11617473512887955,0.020821046084165573,0.1129 -0.1583 -0.2457,32534,33.08
1870,61276160,1.9061003029346466,0.13496024906635284,0.02214290387928486,0.1138 -0.1594 -0.2468,32619,33.08
1880,61603840,2.0695239901542664,0.1012859046459198,0.022200020030140877,0.1148 -0.1608 -0.2483,32523,33.08
1890,61931520,2.199101150035858,0.10736758261919022,0.023255864158272743,0.1164 -0.1627 -0.2503,32626,33.08
1900,62259200,1.8384065628051758,0.09508051723241806,0.021611593663692474,0.1171 -0.1639 -0.2518,32626,33.08
1910,62586880,2.2301897406578064,0.20680579543113708,0.022321131080389023,0.1169 -0.1647 -0.2528,32638,33.08
1920,62914560,2.1872305870056152,0.1517946422100067,0.022686563432216644,0.1167 -0.1649 -0.2535,32611,33.08
1930,63242240,1.9937953352928162,0.09844403713941574,0.023067818954586983,0.1172 -0.1655 -0.2539,32619,33.08
1940,63569920,2.2297579050064087,0.15197141468524933,0.02160896360874176,0.1186 -0.1668 -0.2554,32453,33.08
1950,63897600,1.8947795629501343,0.10287786275148392,0.021338297054171562,0.1201 -0.1685 -0.2575,32608,33.08
1960,64225280,1.9915052950382233,0.10148384422063828,0.023028787225484848,0.1209 -0.1696 -0.2592,32618,33.08
1970,64552960,1.8376045525074005,0.11131040751934052,0.022438058629631996,0.1217 -0.1704 -0.2603,32513,33.08
1980,64880640,1.8974226713180542,0.12230440229177475,0.022694643586874008,0.1220 -0.1710 -0.2611,32611,33.08
1990,65208320,2.1802180409431458,0.09995999932289124,0.022449428215622902,0.1226 -0.1722 -0.2623,32579,33.08
2000,65536000,1.7060889303684235,0.09891486912965775,0.021650265902280807,0.1237 -0.1738 -0.2639,32543,33.08
2010,65863680,2.152068465948105,0.13279181718826294,0.023167764768004417,0.1243 -0.1750 -0.2656,32614,33.08
2020,66191360,1.7727203369140625,0.13680362701416016,0.0230318121612072,0.1250 -0.1765 -0.2672,32623,33.08
2030,66519040,1.9257582128047943,0.13959209620952606,0.023998355492949486,0.1255 -0.1775 -0.2683,32615,33.08
2040,66846720,2.0812287032604218,0.20209753513336182,0.023402364924550056,0.1259 -0.1779 -0.2691,32615,33.08
2050,67174400,1.8825722932815552,0.15561893582344055,0.021757567301392555,0.1264 -0.1783 -0.2700,32633,33.08
2060,67502080,2.050833225250244,0.13312652707099915,0.02291254885494709,0.1264 -0.1783 -0.2700,32592,33.08
2070,67829760,2.0092928409576416,0.11515174061059952,0.023373723030090332,0.1267 -0.1788 -0.2704,32582,33.08
2080,68157440,2.003297120332718,0.14618945121765137,0.023287037387490273,0.1275 -0.1799 -0.2715,32596,33.08
2090,68485120,1.8428756594657898,0.21982930600643158,0.021587897092103958,0.1283 -0.1807 -0.2726,32621,33.08
2100,68812800,1.9778715074062347,0.14517971873283386,0.023017803207039833,0.1289 -0.1816 -0.2736,32563,33.08
2110,69140480,1.8469281196594238,0.14167176187038422,0.023856304585933685,0.1296 -0.1822 -0.2743,32601,33.08
2120,69468160,1.8558058738708496,0.10406777262687683,0.022588206455111504,0.1299 -0.1827 -0.2750,32550,33.08
2130,69795840,1.8130995035171509,0.11463123559951782,0.022904880344867706,0.1302 -0.1834 -0.2757,32510,33.08
2140,70123520,1.9596344530582428,0.12364491075277328,0.024448111653327942,0.1304 -0.1840 -0.2764,32606,33.08
2150,70451200,1.8849424719810486,0.09694311767816544,0.022538067772984505,0.1307 -0.1846 -0.2769,32518,33.08
2160,70778880,2.0820459723472595,0.1445043534040451,0.024130120873451233,0.1313 -0.1853 -0.2779,32625,33.08
2170,71106560,1.9955498576164246,0.10603876411914825,0.024031376466155052,0.1320 -0.1862 -0.2790,32599,33.08
2180,71434240,1.944792628288269,0.13222287595272064,0.023841749876737595,0.1331 -0.1872 -0.2802,32575,33.08
2190,71761920,1.9897085428237915,0.10216813534498215,0.0238026212900877,0.1335 -0.1877 -0.2811,32464,33.08
2200,72089600,2.0109108686447144,0.1446770578622818,0.023958133533596992,0.1339 -0.1884 -0.2820,32604,33.08
2210,72417280,2.0980491042137146,0.10428093373775482,0.02393990196287632,0.1343 -0.1888 -0.2830,32606,33.08
2220,72744960,2.0014295876026154,0.10049640387296677,0.022943761199712753,0.1347 -0.1890 -0.2833,32595,33.08
2230,73072640,1.846093237400055,0.10633978992700577,0.02332695946097374,0.1356 -0.1895 -0.2842,32613,33.08
2240,73400320,2.028350204229355,0.12636242806911469,0.024482591077685356,0.1364 -0.1904 -0.2852,32550,33.08
2250,73728000,1.9033173322677612,0.10532844811677933,0.02389407902956009,0.1364 -0.1911 -0.2857,32596,33.08
2260,74055680,1.9565719366073608,0.10147804021835327,0.02275465615093708,0.1362 -0.1912 -0.2858,32494,33.08
2270,74383360,2.0013873279094696,0.11570408195257187,0.023182125762104988,0.1363 -0.1914 -0.2859,32609,33.08
2280,74711040,2.1885983645915985,0.11881161481142044,0.02425588294863701,0.1365 -0.1919 -0.2864,32537,33.08
2290,75038720,2.017168313264847,0.10416530817747116,0.02390616573393345,0.1370 -0.1924 -0.2870,31989,33.08
2300,75366400,2.0379315614700317,0.147504061460495,0.024485580623149872,0.1375 -0.1931 -0.2878,32349,33.08
2310,75694080,1.7094658017158508,0.14233465492725372,0.022984663024544716,0.1379 -0.1940 -0.2887,32559,33.08
2320,76021760,1.9135038256645203,0.11228374391794205,0.02453860640525818,0.1382 -0.1945 -0.2893,32511,33.08
2330,76349440,1.9229585528373718,0.1166418120265007,0.0236480962485075,0.1386 -0.1950 -0.2899,32586,33.08
2340,76677120,1.9774375557899475,0.11310310661792755,0.02358914539217949,0.1389 -0.1952 -0.2904,32598,33.08
2350,77004800,2.0125440657138824,0.10786987841129303,0.024697041139006615,0.1391 -0.1951 -0.2902,32567,33.08
2360,77332480,2.016892194747925,0.12726716697216034,0.023756233975291252,0.1391 -0.1954 -0.2904,32600,33.08
2370,77660160,2.15498086810112,0.10646970570087433,0.02418399415910244,0.1393 -0.1958 -0.2909,32556,33.08
2380,77987840,1.8224178552627563,0.12115658819675446,0.021545391529798508,0.1391 -0.1957 -0.2912,32492,33.08
2390,78315520,1.9090103209018707,0.12939520180225372,0.02361859753727913,0.1395 -0.1959 -0.2915,32611,33.08
2400,78643200,2.1697157323360443,0.1366388350725174,0.024738024920225143,0.1397 -0.1963 -0.2918,32599,33.08
2410,78970880,1.7525988221168518,0.19086854159832,0.024007853120565414,0.1402 -0.1971 -0.2925,32603,33.08
2420,79298560,1.9171773791313171,0.1473897099494934,0.023621488362550735,0.1409 -0.1977 -0.2933,32469,33.08
2430,79626240,2.0383720099925995,0.12035959959030151,0.023828797042369843,0.1415 -0.1981 -0.2938,32609,33.08
2440,79953920,1.9683498442173004,0.15531200170516968,0.024844452738761902,0.1420 -0.1987 -0.2945,32510,33.08
2450,80281600,2.0935311317443848,0.11151362210512161,0.024783438071608543,0.1423 -0.1992 -0.2953,4692,33.08
2460,80609280,1.6485458314418793,0.11706969141960144,0.02402251772582531,0.1426 -0.1998 -0.2960,32646,33.08
2470,80936960,2.0295601785182953,0.14420591294765472,0.02442520670592785,0.1428 -0.2001 -0.2966,32621,33.08
2480,81264640,2.0212004482746124,0.15683341026306152,0.02488037198781967,0.1434 -0.2007 -0.2973,32632,33.08
2490,81592320,2.087551087141037,0.11835847795009613,0.02441975101828575,0.1438 -0.2012 -0.2980,32514,33.08
2500,81920000,2.022505760192871,0.1203855648636818,0.024984024465084076,0.1437 -0.2016 -0.2981,32615,33.08
2510,82247680,1.942137748003006,0.14697881042957306,0.025436624884605408,0.1435 -0.2018 -0.2984,32558,33.08
2520,82575360,1.9169911742210388,0.11705920845270157,0.024122299626469612,0.1436 -0.2019 -0.2988,32567,33.08
2530,82903040,1.7911048233509064,0.1619894653558731,0.023535657674074173,0.1437 -0.2020 -0.2992,32636,33.08
2540,83230720,1.8928847908973694,0.11908728629350662,0.024746736511588097,0.1436 -0.2020 -0.2995,32573,33.08
2550,83558400,1.8470849394798279,0.13064873218536377,0.024832259863615036,0.1438 -0.2021 -0.2997,32574,33.08
2560,83886080,1.9556027054786682,0.14477266371250153,0.024620413780212402,0.1441 -0.2021 -0.2999,32576,33.08
2570,84213760,1.9367977380752563,0.12069182097911835,0.02512235753238201,0.1445 -0.2023 -0.3001,32603,33.08
2580,84541440,1.9562326967716217,0.17610859870910645,0.023750951513648033,0.1450 -0.2030 -0.3007,32478,33.08
2590,84869120,1.9762029647827148,0.117887482047081,0.02488754503428936,0.1456 -0.2036 -0.3015,32567,33.08
2600,85196800,2.0348677933216095,0.10923845320940018,0.024114876985549927,0.1457 -0.2038 -0.3019,32584,33.08
2610,85524480,2.0067548751831055,0.14543640613555908,0.024698950350284576,0.1459 -0.2041 -0.3022,32507,33.08
2620,85852160,1.9617750346660614,0.1071738749742508,0.024538038298487663,0.1462 -0.2045 -0.3025,32637,33.08
2630,86179840,2.0837909281253815,0.15969307720661163,0.024862736463546753,0.1466 -0.2051 -0.3031,32576,33.08
2640,86507520,1.8671875894069672,0.1363990753889084,0.024352246895432472,0.1470 -0.2055 -0.3037,32553,33.08
2650,86835200,1.7306375205516815,0.13929332792758942,0.02297220006585121,0.1476 -0.2059 -0.3040,32575,33.08
2660,87162880,1.9158546328544617,0.11642514914274216,0.02504812926054001,0.1479 -0.2062 -0.3043,32633,33.08
2670,87490560,1.9106177687644958,0.1250203251838684,0.024949194863438606,0.1479 -0.2063 -0.3045,32633,33.08
2680,87818240,1.8773106932640076,0.10736273229122162,0.02394360676407814,0.1478 -0.2065 -0.3049,32613,33.08
2690,88145920,2.0240527391433716,0.14298179745674133,0.025968289002776146,0.1477 -0.2066 -0.3050,32641,33.08
2700,88473600,1.8991966843605042,0.13639812171459198,0.0245523601770401,0.1478 -0.2067 -0.3051,32560,33.08
2710,88801280,2.099621444940567,0.11970197409391403,0.025401391088962555,0.1481 -0.2070 -0.3054,32578,33.08
2720,89128960,1.922632873058319,0.14915362000465393,0.02457626722753048,0.1484 -0.2075 -0.3059,32513,33.08
2730,89456640,1.9190495908260345,0.12059903144836426,0.02542250230908394,0.1489 -0.2079 -0.3064,32606,33.08
2740,89784320,2.0337586998939514,0.1494763046503067,0.024640150368213654,0.1492 -0.2082 -0.3068,32506,33.08
2750,90112000,2.011870414018631,0.1088789850473404,0.02469688467681408,0.1495 -0.2084 -0.3072,32634,33.08
2760,90439680,1.9253062307834625,0.10769078135490417,0.024341454729437828,0.1497 -0.2086 -0.3074,32625,33.08
2770,90767360,2.1333967447280884,0.12493550777435303,0.026102857664227486,0.1499 -0.2088 -0.3077,32523,33.08
2780,91095040,1.8939980566501617,0.11267170310020447,0.02556271106004715,0.1498 -0.2089 -0.3077,32613,33.08
2790,91422720,1.961666077375412,0.11208264529705048,0.025090079754590988,0.1498 -0.2089 -0.3077,32545,33.08
2800,91750400,2.0804754495620728,0.13981054723262787,0.024951811879873276,0.1504 -0.2096 -0.3082,32618,33.08
2810,92078080,1.8650676608085632,0.11273158341646194,0.025234002619981766,0.1506 -0.2098 -0.3084,32613,33.08
2820,92405760,2.0806996822357178,0.1617109179496765,0.024207107722759247,0.1504 -0.2097 -0.3084,32602,33.08
2830,92733440,1.8758682608604431,0.11237150430679321,0.024540523067116737,0.1506 -0.2099 -0.3087,32402,33.08
2840,93061120,1.9655053317546844,0.1251758188009262,0.024907397106289864,0.1509 -0.2103 -0.3092,32613,33.08
2850,93388800,1.9943529069423676,0.13574109971523285,0.025082528591156006,0.1508 -0.2105 -0.3095,32576,33.08
2860,93716480,1.9334680140018463,0.1265684962272644,0.024580413475632668,0.1509 -0.2106 -0.3097,32604,33.08
2870,94044160,1.7899098992347717,0.12408588826656342,0.02462434023618698,0.1511 -0.2107 -0.3099,32576,33.08
2880,94371840,2.051747500896454,0.13810409605503082,0.024494290351867676,0.1512 -0.2109 -0.3102,32516,33.08
2890,94699520,1.9074652194976807,0.11516137421131134,0.02594328485429287,0.1516 -0.2112 -0.3105,32534,33.08
2900,95027200,1.9320627450942993,0.1106717437505722,0.025235045701265335,0.1519 -0.2116 -0.3110,32591,33.08
2910,95354880,1.9143309593200684,0.16647003591060638,0.026804011315107346,0.1521 -0.2118 -0.3113,32623,33.08
2920,95682560,2.053415596485138,0.14657630026340485,0.02544892393052578,0.1524 -0.2119 -0.3117,32543,33.08
2930,96010240,1.8628763556480408,0.15924088656902313,0.02477341890335083,0.1526 -0.2122 -0.3120,32615,33.08
2940,96337920,1.9605352878570557,0.12366357445716858,0.026019109413027763,0.1530 -0.2126 -0.3124,32593,33.08
2950,96665600,2.157671093940735,0.12122726440429688,0.02639034017920494,0.1532 -0.2130 -0.3128,32578,33.08
2960,96993280,2.141889452934265,0.128739133477211,0.027067603543400764,0.1533 -0.2131 -0.3131,32505,33.08
2970,97320960,1.8269362449645996,0.14746655523777008,0.025406068190932274,0.1533 -0.2131 -0.3131,32552,33.08
2980,97648640,2.0348227620124817,0.11750678718090057,0.025832101702690125,0.1534 -0.2133 -0.3132,32601,33.08
2990,97976320,1.9667025804519653,0.14542746543884277,0.025438087061047554,0.1537 -0.2136 -0.3136,32565,33.08
3000,98304000,2.136743485927582,0.15130355954170227,0.02591462805867195,0.1537 -0.2138 -0.3138,32595,33.08
3010,98631680,2.0574169158935547,0.11996326595544815,0.026241807267069817,0.1536 -0.2137 -0.3138,32550,33.08
3020,98959360,2.0157445669174194,0.16151252388954163,0.027085425332188606,0.1536 -0.2137 -0.3139,32438,33.08
3030,99287040,1.9927453100681305,0.15476135909557343,0.02529147081077099,0.1538 -0.2138 -0.3140,32531,33.08
3040,99614720,1.935083955526352,0.14363610744476318,0.025578295812010765,0.1541 -0.2142 -0.3143,32558,33.08
3050,99942400,1.869540125131607,0.125674769282341,0.026154043152928352,0.1542 -0.2143 -0.3144,32607,33.08
3060,100270080,2.0029576122760773,0.12719140946865082,0.02603311836719513,0.1541 -0.2144 -0.3145,4675,33.08
3070,100597760,2.0369246304035187,0.11510275304317474,0.025199629366397858,0.1540 -0.2144 -0.3146,32503,33.08
3080,100925440,2.133331835269928,0.1692817062139511,0.025737233459949493,0.1543 -0.2147 -0.3151,32604,33.08
3090,101253120,1.8831087350845337,0.12109293788671494,0.026075145229697227,0.1548 -0.2151 -0.3156,32426,33.08
3100,101580800,1.9779569208621979,0.1470867544412613,0.02691044844686985,0.1551 -0.2155 -0.3158,32598,33.08
3110,101908480,2.021423488855362,0.1478477418422699,0.02730211801826954,0.1551 -0.2155 -0.3158,32579,33.08
3120,102236160,2.0168772637844086,0.1386910080909729,0.02518376149237156,0.1550 -0.2154 -0.3158,32601,33.08
3130,102563840,1.9596697390079498,0.1462661325931549,0.026235826313495636,0.1550 -0.2156 -0.3160,32526,33.08
3140,102891520,2.0543965101242065,0.11854536831378937,0.026894858106970787,0.1551 -0.2157 -0.3163,32538,33.08
3150,103219200,1.9435537457466125,0.15137988328933716,0.025928275659680367,0.1554 -0.2159 -0.3165,32488,33.08
3160,103546880,1.9424441158771515,0.13213855028152466,0.0262845978140831,0.1556 -0.2160 -0.3167,32593,33.08
3170,103874560,1.886495053768158,0.1387525349855423,0.025125226005911827,0.1557 -0.2161 -0.3168,32570,33.08
3180,104202240,1.8722463250160217,0.11819633841514587,0.02524145133793354,0.1559 -0.2163 -0.3171,32544,33.08
3190,104529920,1.9765463471412659,0.1165747418999672,0.02656341902911663,0.1559 -0.2164 -0.3172,32582,33.08
3200,104857600,1.9169895648956299,0.15330348908901215,0.026303475722670555,0.1562 -0.2167 -0.3176,32573,33.08
3210,105185280,1.8452687859535217,0.13641062378883362,0.02575405314564705,0.1563 -0.2169 -0.3178,32588,33.08
3220,105512960,1.8323878645896912,0.12427370995283127,0.024995556101202965,0.1564 -0.2171 -0.3179,32486,33.08
3230,105840640,1.8501253724098206,0.1140432059764862,0.025200989097356796,0.1565 -0.2171 -0.3180,32589,33.08
3240,106168320,2.0126662850379944,0.11923087388277054,0.026248572394251823,0.1567 -0.2173 -0.3182,32605,33.08
3250,106496000,1.937200516462326,0.11981607228517532,0.026588881388306618,0.1568 -0.2176 -0.3186,32588,33.08
3260,106823680,2.0172117948532104,0.11581572145223618,0.025921236723661423,0.1569 -0.2178 -0.3188,32608,33.08
3270,107151360,1.8245183527469635,0.16459707915782928,0.02547273226082325,0.1569 -0.2177 -0.3189,32543,33.08
3280,107479040,1.8974128067493439,0.17677439749240875,0.024822786450386047,0.1570 -0.2178 -0.3190,32500,33.08
3290,107806720,1.7783218622207642,0.16167490184307098,0.024885626509785652,0.1571 -0.2179 -0.3192,32524,33.08
3300,108134400,1.9841625392436981,0.11467328667640686,0.026212776079773903,0.1573 -0.2181 -0.3194,32600,33.08
3310,108462080,1.9665526151657104,0.1209360733628273,0.026481278240680695,0.1574 -0.2183 -0.3195,32544,33.08
3320,108789760,1.8648737370967865,0.12134604156017303,0.026378512382507324,0.1574 -0.2182 -0.3195,32575,33.08
3330,109117440,2.1057231426239014,0.123859703540802,0.025950483977794647,0.1575 -0.2184 -0.3197,32615,33.08
3340,109445120,1.995873898267746,0.12879596650600433,0.02543794736266136,0.1576 -0.2184 -0.3198,32471,33.08
3350,109772800,2.0477125346660614,0.11458171159029007,0.026060763746500015,0.1576 -0.2184 -0.3198,32588,33.08
3360,110100480,1.9848536252975464,0.11669887602329254,0.02516217716038227,0.1577 -0.2187 -0.3200,32586,33.08
3370,110428160,1.8293569087982178,0.12137088924646378,0.026032239198684692,0.1579 -0.2190 -0.3203,32610,33.08
