time,t_s,edge_c,junction_c,mem_c,power_w,sclk_mhz,mclk_mhz,fan_rpm,vram_used_gib
2026-10-03T08:40:59,0.0,44.0,55.0,73.0,92.0,2771.0,1258.0,2096.0,7.06
2026-10-03T08:41:09,10.0,45.0,74.0,75.0,225.0,2814.0,1258.0,684.0,9.7
2026-10-03T08:41:19,20.0,48.0,81.0,79.0,255.0,3003.0,1258.0,1392.0,9.71
2026-10-03T08:41:29,30.0,49.0,82.0,80.0,255.0,2998.0,1258.0,2154.0,9.71
2026-10-03T08:41:39,40.0,48.0,81.0,80.0,255.0,2998.0,1258.0,2321.0,9.71
2026-10-03T08:41:49,50.0,47.0,80.0,80.0,255.0,3000.0,1258.0,2301.0,9.71
2026-10-03T08:41:59,60.0,47.0,80.0,80.0,255.0,3001.0,1258.0,2276.0,9.71
2026-10-03T08:42:09,70.0,47.0,80.0,80.0,255.0,3002.0,1258.0,2270.0,9.71
2026-10-03T08:42:19,80.0,47.0,79.0,80.0,255.0,3002.0,1258.0,2271.0,9.71
2026-10-03T08:42:29,90.0,46.0,79.0,80.0,255.0,3001.0,1258.0,2269.0,9.71
2026-10-03T08:42:39,100.0,46.0,79.0,79.0,255.0,3000.0,1258.0,2270.0,9.71
2026-10-03T08:42:49,110.0,46.0,79.0,79.0,255.0,3000.0,1258.0,2258.0,9.71
2026-10-03T08:42:59,120.0,46.0,79.0,79.0,256.0,3008.0,1258.0,2258.0,9.71
2026-10-03T08:43:09,130.0,46.0,80.0,78.0,259.0,3033.0,1258.0,2304.0,9.71
2026-10-03T08:43:19,140.0,46.0,79.0,79.0,256.0,3000.0,1258.0,2273.0,9.71
2026-10-03T08:43:29,150.0,46.0,79.0,79.0,255.0,2998.0,1258.0,2244.0,9.71
2026-10-03T08:43:39,160.0,46.0,79.0,79.0,256.0,3001.0,1258.0,2256.0,9.71
2026-10-03T08:43:49,170.0,46.0,79.0,79.0,255.0,3001.0,1258.0,2246.0,9.71
2026-10-03T08:43:59,180.0,46.0,79.0,79.0,255.0,3001.0,1258.0,2250.0,9.71
2026-10-03T08:44:09,190.0,46.0,79.0,79.0,255.0,3000.0,1258.0,2242.0,9.71
2026-10-03T08:44:19,200.0,46.0,79.0,79.0,255.0,3001.0,1258.0,2253.0,9.71
2026-10-03T08:44:29,210.0,46.0,79.0,79.0,255.0,2999.0,1258.0,2247.0,9.71
2026-10-03T08:44:39,220.0,46.0,79.0,79.0,255.0,2999.0,1258.0,2252.0,9.71
2026-10-03T08:44:49,230.0,46.0,79.0,79.0,255.0,2999.0,1258.0,2254.0,9.71
2026-10-03T08:44:59,240.0,47.0,80.0,78.0,259.0,3036.0,1258.0,2277.0,9.71
2026-10-03T08:45:09,250.0,46.0,79.0,79.0,256.0,3005.0,1258.0,2288.0,9.71
2026-10-03T08:45:19,260.0,46.0,79.0,79.0,256.0,2999.0,1258.0,2241.0,9.71
2026-10-03T08:45:29,270.0,46.0,79.0,79.0,256.0,3000.0,1258.0,2249.0,9.71
2026-10-03T08:45:39,280.0,46.0,79.0,79.0,255.0,2997.0,1258.0,2243.0,9.71
2026-10-03T08:45:49,290.0,46.0,79.0,79.0,256.0,2999.0,1258.0,2262.0,9.71
2026-10-03T08:45:59,300.0,46.0,79.0,79.0,255.0,2998.0,1258.0,2248.0,9.71
2026-10-03T08:46:09,310.0,46.0,79.0,79.0,255.0,2998.0,1258.0,2249.0,9.71
2026-10-03T08:46:19,320.0,46.0,79.0,79.0,255.0,2998.0,1258.0,2251.0,9.71
2026-10-03T08:46:29,330.0,47.0,79.0,79.0,256.0,2998.0,1258.0,2252.0,9.71
2026-10-03T08:46:39,340.0,46.0,79.0,79.0,255.0,2999.0,1258.0,2251.0,9.71
2026-10-03T08:46:49,350.0,46.0,79.0,79.0,256.0,2999.0,1258.0,2253.0,9.71
2026-10-03T08:46:59,360.0,46.0,80.0,78.0,260.0,3042.0,1258.0,2301.0,9.71
2026-10-03T08:47:09,370.0,46.0,79.0,79.0,256.0,2997.0,1258.0,2261.0,9.71
2026-10-03T08:47:19,380.0,46.0,79.0,79.0,255.0,2996.0,1258.0,2242.0,9.71
2026-10-03T08:47:29,390.0,47.0,79.0,79.0,255.0,2995.0,1258.0,2247.0,9.71
2026-10-03T08:47:39,400.0,46.0,79.0,79.0,255.0,2997.0,1258.0,2254.0,9.71
2026-10-03T08:47:49,410.0,46.0,79.0,79.0,255.0,2996.0,1258.0,2252.0,9.71
2026-10-03T08:47:59,420.0,46.0,79.0,79.0,255.0,2995.0,1258.0,2250.0,9.71
2026-10-03T08:48:09,430.0,46.0,79.0,79.0,256.0,2997.0,1258.0,2255.0,9.71
2026-10-03T08:48:19,440.0,46.0,79.0,79.0,255.0,2996.0,1258.0,2245.0,9.71
2026-10-03T08:48:29,450.0,46.0,79.0,79.0,255.0,2995.0,1258.0,2241.0,9.71
2026-10-03T08:48:39,460.0,46.0,79.0,79.0,255.0,2994.0,1258.0,2258.0,9.71
2026-10-03T08:48:49,470.0,46.0,79.0,79.0,258.0,3021.0,1258.0,2264.0,9.71
2026-10-03T08:48:59,480.0,46.0,79.0,79.0,258.0,3013.0,1258.0,2294.0,9.71
2026-10-03T08:49:09,490.0,46.0,79.0,79.0,256.0,2996.0,1258.0,2242.0,9.71
2026-10-03T08:49:19,500.0,46.0,79.0,79.0,256.0,2996.0,1258.0,2254.0,9.71
2026-10-03T08:49:29,510.0,46.0,79.0,79.0,255.0,2996.0,1258.0,2242.0,9.71
2026-10-03T08:49:39,520.0,46.0,79.0,79.0,256.0,2996.0,1258.0,2259.0,9.71
2026-10-03T08:49:49,530.0,46.0,79.0,79.0,255.0,2994.0,1258.0,2249.0,9.71
2026-10-03T08:49:59,540.0,46.0,79.0,79.0,255.0,2995.0,1258.0,2250.0,9.71
2026-10-03T08:50:09,550.0,46.0,79.0,79.0,256.0,2993.0,1258.0,2254.0,9.71
2026-10-03T08:50:19,560.0,46.0,79.0,79.0,255.0,2993.0,1258.0,2245.0,9.71
2026-10-03T08:50:29,570.0,46.0,79.0,79.0,256.0,2995.0,1258.0,2252.0,9.71
2026-10-03T08:50:39,580.0,47.0,79.0,79.0,256.0,2994.0,1258.0,2257.0,9.71
2026-10-03T08:50:49,590.0,47.0,80.0,78.0,260.0,3039.0,1258.0,2287.0,9.71
2026-10-03T08:50:59,600.0,46.0,79.0,79.0,255.0,2995.0,1258.0,2268.0,9.71
2026-10-03T08:51:09,610.0,46.0,79.0,79.0,256.0,2994.0,1258.0,2241.0,9.71
2026-10-03T08:51:19,620.0,46.0,79.0,79.0,255.0,2995.0,1258.0,2240.0,9.71
2026-10-03T08:51:29,630.0,46.0,79.0,79.0,256.0,2995.0,1258.0,2247.0,9.71
2026-10-03T08:51:39,640.0,46.0,79.0,79.0,255.0,2996.0,1258.0,2246.0,9.71
2026-10-03T08:51:49,650.0,46.0,79.0,79.0,255.0,2996.0,1258.0,2245.0,9.71
2026-10-03T08:51:59,660.0,46.0,79.0,79.0,256.0,2996.0,1258.0,2246.0,9.71
2026-10-03T08:52:09,670.0,46.0,79.0,79.0,256.0,2995.0,1258.0,2251.0,9.71
2026-10-03T08:52:19,680.0,46.0,79.0,79.0,256.0,2995.0,1258.0,2250.0,9.71
2026-10-03T08:52:29,690.0,46.0,79.0,79.0,256.0,2996.0,1258.0,2255.0,9.71
2026-10-03T08:52:39,700.0,46.0,79.0,79.0,256.0,3008.0,1258.0,2244.0,9.71
2026-10-03T08:52:49,710.0,46.0,80.0,78.0,259.0,3026.0,1258.0,2301.0,9.71
2026-10-03T08:52:59,720.0,46.0,79.0,79.0,255.0,2994.0,1258.0,2244.0,9.71
2026-10-03T08:53:09,730.0,46.0,79.0,79.0,256.0,2994.0,1258.0,2241.0,9.71
2026-10-03T08:53:19,740.0,46.0,79.0,79.0,256.0,2994.0,1258.0,2255.0,9.71
2026-10-03T08:53:29,750.0,46.0,79.0,79.0,256.0,2995.0,1258.0,2241.0,9.71
2026-10-03T08:53:39,760.0,46.0,79.0,79.0,255.0,2993.0,1258.0,2241.0,9.71
2026-10-03T08:53:49,770.0,46.0,79.0,79.0,255.0,2994.0,1258.0,2245.0,9.71
2026-10-03T08:53:59,780.0,46.0,79.0,79.0,255.0,2995.0,1258.0,2253.0,9.71
2026-10-03T08:54:09,790.0,46.0,79.0,79.0,256.0,2993.0,1258.0,2250.0,9.71
2026-10-03T08:54:19,800.0,46.0,79.0,79.0,256.0,2995.0,1258.0,2247.0,9.71
2026-10-03T08:54:29,810.0,46.0,79.0,79.0,256.0,2994.0,1258.0,2252.0,9.71
2026-10-03T08:54:39,820.0,46.0,80.0,78.0,259.0,3036.0,1258.0,2269.0,9.71
2026-10-03T08:54:49,830.0,46.0,79.0,78.0,256.0,2999.0,1258.0,2277.0,9.71
2026-10-03T08:54:59,840.0,46.0,79.0,79.0,256.0,2995.0,1258.0,2241.0,9.71
2026-10-03T08:55:09,850.0,46.0,79.0,79.0,256.0,2994.0,1258.0,2246.0,9.71
2026-10-03T08:55:19,860.0,46.0,79.0,79.0,255.0,2994.0,1258.0,2248.0,9.71
2026-10-03T08:55:29,870.0,46.0,79.0,79.0,256.0,2993.0,1258.0,2255.0,9.71
2026-10-03T08:55:39,880.0,46.0,79.0,79.0,256.0,2992.0,1258.0,2246.0,9.71
2026-10-03T08:55:49,890.0,46.0,79.0,79.0,256.0,2994.0,1258.0,2253.0,9.71
2026-10-03T08:55:59,900.0,46.0,79.0,79.0,255.0,2994.0,1258.0,2243.0,9.71
2026-10-03T08:56:09,910.0,46.0,79.0,79.0,256.0,2995.0,1258.0,2256.0,9.71
2026-10-03T08:56:19,920.0,46.0,79.0,79.0,256.0,2996.0,1258.0,2247.0,9.71
2026-10-03T08:56:29,930.1,46.0,79.0,79.0,255.0,2997.0,1258.0,2248.0,9.71
2026-10-03T08:56:39,940.1,47.0,80.0,78.0,260.0,3040.0,1258.0,2295.0,9.71
2026-10-03T08:56:49,950.1,46.0,79.0,79.0,255.0,2996.0,1258.0,2253.0,9.71
2026-10-03T08:56:59,960.1,46.0,79.0,79.0,255.0,2996.0,1258.0,2242.0,9.71
2026-10-03T08:57:09,970.1,46.0,79.0,79.0,255.0,2995.0,1258.0,2245.0,9.71
2026-10-03T08:57:19,980.1,46.0,79.0,79.0,255.0,2997.0,1258.0,2258.0,9.71
2026-10-03T08:57:29,990.1,46.0,79.0,79.0,256.0,2996.0,1258.0,2241.0,9.71
2026-10-03T08:57:39,1000.1,46.0,79.0,79.0,255.0,2996.0,1258.0,2248.0,9.71
2026-10-03T08:57:49,1010.1,46.0,79.0,79.0,255.0,2995.0,1258.0,2252.0,9.71
2026-10-03T08:57:59,1020.1,46.0,79.0,79.0,255.0,2995.0,1258.0,2246.0,9.71
2026-10-03T08:58:09,1030.1,46.0,79.0,79.0,256.0,2996.0,1258.0,2263.0,9.71
2026-10-03T08:58:19,1040.1,46.0,79.0,79.0,255.0,2997.0,1258.0,2243.0,9.71
2026-10-03T08:58:29,1050.1,46.0,79.0,78.0,258.0,3023.0,1258.0,2252.0,9.71
2026-10-03T08:58:39,1060.1,47.0,79.0,79.0,258.0,3013.0,1258.0,2297.0,9.71
2026-10-03T08:58:49,1070.1,47.0,79.0,79.0,256.0,2997.0,1258.0,2241.0,9.71
2026-10-03T08:58:59,1080.1,47.0,79.0,79.0,255.0,2995.0,1258.0,2241.0,9.71
2026-10-03T08:59:09,1090.1,46.0,79.0,79.0,255.0,2994.0,1258.0,2246.0,9.71
2026-10-03T08:59:19,1100.1,47.0,79.0,79.0,255.0,2995.0,1258.0,2244.0,9.71
2026-10-03T08:59:29,1110.1,47.0,79.0,79.0,256.0,2995.0,1258.0,2247.0,9.71
2026-10-03T08:59:39,1120.1,46.0,79.0,79.0,256.0,2994.0,1258.0,2246.0,9.71
2026-10-03T08:59:49,1130.1,46.0,79.0,79.0,256.0,2993.0,1258.0,2252.0,9.71
2026-10-03T08:59:59,1140.1,46.0,79.0,79.0,256.0,2994.0,1258.0,2246.0,9.71
2026-10-03T09:00:09,1150.1,46.0,79.0,79.0,256.0,2992.0,1258.0,2255.0,9.71
2026-10-03T09:00:19,1160.1,46.0,79.0,79.0,255.0,2994.0,1258.0,2248.0,9.71
2026-10-03T09:00:29,1170.1,47.0,80.0,78.0,260.0,3040.0,1258.0,2287.0,9.71
2026-10-03T09:00:39,1180.1,47.0,79.0,79.0,256.0,2994.0,1258.0,2263.0,9.71
2026-10-03T09:00:49,1190.1,47.0,79.0,79.0,256.0,2994.0,1258.0,2254.0,9.71
2026-10-03T09:00:59,1200.1,47.0,79.0,79.0,256.0,2995.0,1258.0,2244.0,9.71
2026-10-03T09:01:09,1210.1,47.0,79.0,79.0,256.0,2995.0,1258.0,2265.0,9.71
2026-10-03T09:01:19,1220.1,47.0,79.0,79.0,256.0,2992.0,1258.0,2249.0,9.71
2026-10-03T09:01:29,1230.1,46.0,79.0,79.0,256.0,2995.0,1258.0,2248.0,9.71
2026-10-03T09:01:39,1240.1,47.0,79.0,79.0,256.0,2994.0,1258.0,2248.0,9.71
2026-10-03T09:01:49,1250.1,47.0,79.0,79.0,256.0,2993.0,1258.0,2248.0,9.71
2026-10-03T09:01:59,1260.1,47.0,79.0,79.0,255.0,2993.0,1258.0,2250.0,9.71
2026-10-03T09:02:09,1270.1,47.0,79.0,79.0,255.0,2994.0,1258.0,2257.0,9.71
2026-10-03T09:02:19,1280.1,47.0,79.0,79.0,256.0,3008.0,1258.0,2254.0,9.71
2026-10-03T09:02:29,1290.1,47.0,80.0,79.0,259.0,3026.0,1258.0,2310.0,9.71
2026-10-03T09:02:39,1300.1,47.0,79.0,79.0,255.0,2995.0,1258.0,2247.0,9.71
2026-10-03T09:02:49,1310.1,47.0,79.0,79.0,255.0,2994.0,1258.0,2241.0,9.71
2026-10-03T09:02:59,1320.1,47.0,79.0,80.0,255.0,2993.0,1258.0,2246.0,9.71
2026-10-03T09:03:09,1330.1,47.0,79.0,80.0,255.0,2997.0,1258.0,2255.0,9.71
2026-10-03T09:03:19,1340.1,47.0,79.0,79.0,255.0,2995.0,1258.0,2250.0,9.71
2026-10-03T09:03:29,1350.1,47.0,79.0,79.0,255.0,2993.0,1258.0,2241.0,9.71
2026-10-03T09:03:39,1360.1,47.0,79.0,79.0,255.0,2994.0,1258.0,2256.0,9.71
2026-10-03T09:03:49,1370.1,46.0,79.0,79.0,255.0,2994.0,1258.0,2250.0,9.71
2026-10-03T09:03:59,1380.1,46.0,79.0,79.0,255.0,2992.0,1258.0,2241.0,9.71
2026-10-03T09:04:09,1390.1,46.0,79.0,79.0,255.0,2992.0,1258.0,2248.0,9.71
2026-10-03T09:04:19,1400.1,47.0,80.0,79.0,260.0,3037.0,1258.0,2284.0,9.71
2026-10-03T09:04:29,1410.1,47.0,79.0,79.0,256.0,2997.0,1258.0,2279.0,9.71
2026-10-03T09:04:39,1420.1,47.0,79.0,79.0,255.0,2993.0,1258.0,2246.0,9.71
2026-10-03T09:04:49,1430.1,46.0,79.0,79.0,255.0,2992.0,1258.0,2254.0,9.71
2026-10-03T09:04:59,1440.1,47.0,79.0,80.0,255.0,2994.0,1258.0,2249.0,9.71
2026-10-03T09:05:09,1450.1,47.0,79.0,80.0,255.0,2994.0,1258.0,2255.0,9.71
2026-10-03T09:05:19,1460.1,47.0,79.0,80.0,255.0,2993.0,1258.0,2253.0,9.71
2026-10-03T09:05:29,1470.1,47.0,79.0,80.0,255.0,2995.0,1258.0,2254.0,9.71
2026-10-03T09:05:39,1480.1,47.0,79.0,79.0,255.0,2993.0,1258.0,2247.0,9.71
2026-10-03T09:05:49,1490.1,46.0,79.0,79.0,255.0,2993.0,1258.0,2267.0,9.71
2026-10-03T09:05:59,1500.1,46.0,79.0,79.0,255.0,2992.0,1258.0,2242.0,9.71
2026-10-03T09:06:09,1510.1,47.0,79.0,79.0,255.0,2995.0,1258.0,2257.0,9.71
2026-10-03T09:06:19,1520.1,47.0,80.0,78.0,260.0,3041.0,1258.0,2298.0,9.71
2026-10-03T09:06:29,1530.1,47.0,79.0,79.0,256.0,2993.0,1258.0,2266.0,9.71
2026-10-03T09:06:39,1540.1,47.0,79.0,79.0,255.0,2994.0,1258.0,2241.0,9.71
2026-10-03T09:06:49,1550.1,46.0,79.0,80.0,256.0,2994.0,1258.0,2258.0,9.71
2026-10-03T09:06:59,1560.1,46.0,79.0,80.0,255.0,2992.0,1258.0,2250.0,9.71
2026-10-03T09:07:09,1570.1,46.0,79.0,80.0,255.0,2993.0,1258.0,2248.0,9.71
2026-10-03T09:07:19,1580.1,46.0,79.0,79.0,256.0,2994.0,1258.0,2252.0,9.71
2026-10-03T09:07:29,1590.1,46.0,79.0,79.0,255.0,2992.0,1258.0,2254.0,9.71
2026-10-03T09:07:39,1600.1,46.0,79.0,80.0,255.0,2992.0,1258.0,2256.0,9.71
2026-10-03T09:07:49,1610.1,47.0,79.0,80.0,255.0,2994.0,1258.0,2254.0,9.71
2026-10-03T09:07:59,1620.1,46.0,79.0,80.0,255.0,2991.0,1258.0,2250.0,9.71
2026-10-03T09:08:09,1630.1,47.0,80.0,79.0,258.0,3024.0,1258.0,2268.0,9.71
2026-10-03T09:08:19,1640.1,47.0,80.0,79.0,258.0,3012.0,1258.0,2303.0,9.71
2026-10-03T09:08:29,1650.1,46.0,79.0,80.0,255.0,2990.0,1258.0,2266.0,9.71
2026-10-03T09:08:39,1660.1,47.0,79.0,79.0,256.0,2994.0,1258.0,2253.0,9.71
2026-10-03T09:08:49,1670.1,47.0,79.0,79.0,255.0,2993.0,1258.0,2252.0,9.71
2026-10-03T09:08:59,1680.1,47.0,79.0,80.0,255.0,2991.0,1258.0,2258.0,9.71
2026-10-03T09:09:09,1690.1,47.0,79.0,79.0,255.0,2992.0,1258.0,2263.0,9.71
2026-10-03T09:09:19,1700.1,47.0,79.0,80.0,255.0,2992.0,1258.0,2259.0,9.71
2026-10-03T09:09:29,1710.1,47.0,79.0,80.0,256.0,2995.0,1258.0,2262.0,9.71
2026-10-03T09:09:39,1720.1,47.0,79.0,80.0,255.0,2991.0,1258.0,2271.0,9.71
2026-10-03T09:09:49,1730.1,47.0,79.0,80.0,255.0,2991.0,1258.0,2258.0,9.71
2026-10-03T09:09:59,1740.1,47.0,79.0,80.0,256.0,2994.0,1258.0,2261.0,9.71
2026-10-03T09:10:09,1750.1,47.0,81.0,79.0,261.0,3042.0,1258.0,2303.0,9.71
2026-10-03T09:10:19,1760.1,47.0,79.0,80.0,255.0,2992.0,1258.0,2282.0,9.71
2026-10-03T09:10:29,1770.1,47.0,79.0,80.0,255.0,2993.0,1258.0,2269.0,9.71
2026-10-03T09:10:39,1780.1,47.0,79.0,80.0,255.0,2993.0,1258.0,2261.0,9.71
2026-10-03T09:10:49,1790.1,47.0,79.0,80.0,255.0,2992.0,1258.0,2266.0,9.71
2026-10-03T09:10:59,1800.1,47.0,79.0,80.0,255.0,2991.0,1258.0,2254.0,9.71
2026-10-03T09:11:09,1810.1,47.0,79.0,80.0,255.0,2993.0,1258.0,2266.0,9.71
2026-10-03T09:11:19,1820.1,47.0,79.0,80.0,256.0,2992.0,1258.0,2270.0,9.71
2026-10-03T09:11:29,1830.1,47.0,79.0,80.0,255.0,2991.0,1258.0,2271.0,9.71
2026-10-03T09:11:39,1840.1,47.0,79.0,80.0,255.0,2992.0,1258.0,2256.0,9.71
2026-10-03T09:11:49,1850.1,47.0,79.0,80.0,255.0,2991.0,1258.0,2253.0,9.71
2026-10-03T09:11:59,1860.1,47.0,79.0,79.0,256.0,3012.0,1258.0,2264.0,9.71
2026-10-03T09:12:09,1870.1,47.0,80.0,79.0,259.0,3023.0,1258.0,2310.0,9.71
2026-10-03T09:12:19,1880.1,47.0,79.0,80.0,255.0,2992.0,1258.0,2258.0,9.71
2026-10-03T09:12:29,1890.1,47.0,79.0,80.0,255.0,2992.0,1258.0,2240.0,9.71
2026-10-03T09:12:39,1900.1,47.0,79.0,80.0,255.0,2991.0,1258.0,2254.0,9.71
2026-10-03T09:12:49,1910.1,47.0,79.0,80.0,255.0,2990.0,1258.0,2266.0,9.71
2026-10-03T09:12:59,1920.1,47.0,79.0,80.0,255.0,2992.0,1258.0,2252.0,9.71
2026-10-03T09:13:09,1930.1,47.0,79.0,80.0,255.0,2991.0,1258.0,2259.0,9.71
2026-10-03T09:13:19,1940.1,47.0,79.0,80.0,254.0,2988.0,1258.0,2250.0,9.71
2026-10-03T09:13:29,1950.1,47.0,79.0,80.0,255.0,2991.0,1258.0,2254.0,9.71
2026-10-03T09:13:39,1960.1,47.0,79.0,80.0,255.0,2992.0,1258.0,2263.0,9.71
2026-10-03T09:13:49,1970.1,47.0,79.0,80.0,255.0,2991.0,1258.0,2258.0,9.71
2026-10-03T09:13:59,1980.1,47.0,80.0,79.0,260.0,3044.0,1258.0,2297.0,9.71
2026-10-03T09:14:09,1990.1,47.0,79.0,80.0,255.0,2992.0,1258.0,2300.0,9.71
2026-10-03T09:14:19,2000.1,47.0,79.0,80.0,255.0,2992.0,1258.0,2270.0,9.71
2026-10-03T09:14:29,2010.1,47.0,79.0,80.0,255.0,2991.0,1258.0,2262.0,9.71
2026-10-03T09:14:39,2020.1,47.0,79.0,80.0,255.0,2992.0,1258.0,2260.0,9.71
2026-10-03T09:14:49,2030.1,47.0,79.0,80.0,255.0,2991.0,1258.0,2257.0,9.71
2026-10-03T09:14:59,2040.1,47.0,79.0,80.0,255.0,2992.0,1258.0,2257.0,9.71
2026-10-03T09:15:09,2050.1,47.0,79.0,80.0,255.0,2991.0,1258.0,2254.0,9.71
2026-10-03T09:15:19,2060.1,47.0,79.0,80.0,255.0,2991.0,1258.0,2250.0,9.71
2026-10-03T09:15:29,2070.1,47.0,79.0,80.0,255.0,2991.0,1258.0,2261.0,9.71
2026-10-03T09:15:39,2080.1,47.0,79.0,80.0,255.0,2991.0,1258.0,2261.0,9.71
2026-10-03T09:15:49,2090.1,47.0,79.0,80.0,255.0,3000.0,1258.0,2270.0,9.71
2026-10-03T09:15:59,2100.1,47.0,80.0,79.0,260.0,3033.0,1258.0,2319.0,9.71
2026-10-03T09:16:09,2110.1,47.0,79.0,80.0,254.0,2987.0,1258.0,2272.0,9.71
2026-10-03T09:16:19,2120.1,47.0,79.0,80.0,255.0,2991.0,1258.0,2241.0,9.71
2026-10-03T09:16:29,2130.1,47.0,79.0,80.0,255.0,2991.0,1258.0,2265.0,9.71
2026-10-03T09:16:39,2140.1,47.0,79.0,80.0,255.0,2992.0,1258.0,2270.0,9.71
2026-10-03T09:16:49,2150.1,47.0,79.0,80.0,255.0,2991.0,1258.0,2260.0,9.71
2026-10-03T09:16:59,2160.1,47.0,79.0,80.0,254.0,2990.0,1258.0,2249.0,9.71
2026-10-03T09:17:09,2170.1,47.0,79.0,80.0,254.0,2989.0,1258.0,2251.0,9.71
2026-10-03T09:17:19,2180.1,47.0,79.0,80.0,255.0,2991.0,1258.0,2259.0,9.71
2026-10-03T09:17:29,2190.1,47.0,79.0,80.0,255.0,2992.0,1258.0,2270.0,9.71
2026-10-03T09:17:39,2200.1,47.0,79.0,80.0,255.0,2991.0,1258.0,2270.0,9.71
2026-10-03T09:17:49,2210.1,47.0,80.0,79.0,259.0,3034.0,1258.0,2292.0,9.71
2026-10-03T09:17:59,2220.1,47.0,80.0,80.0,256.0,2998.0,1258.0,2301.0,9.71
2026-10-03T09:18:09,2230.1,47.0,79.0,80.0,255.0,2989.0,1258.0,2270.0,9.71
2026-10-03T09:18:19,2240.1,47.0,79.0,80.0,255.0,2989.0,1258.0,2270.0,9.71
2026-10-03T09:18:29,2250.1,47.0,79.0,80.0,255.0,2991.0,1258.0,2270.0,9.71
2026-10-03T09:18:39,2260.1,47.0,79.0,80.0,255.0,2992.0,1258.0,2275.0,9.71
2026-10-03T09:18:49,2270.1,47.0,79.0,80.0,255.0,2990.0,1258.0,2269.0,9.71
2026-10-03T09:18:59,2280.1,47.0,79.0,80.0,254.0,2985.0,1258.0,2270.0,9.71
2026-10-03T09:19:09,2290.1,47.0,79.0,80.0,255.0,2992.0,1258.0,2272.0,9.71
2026-10-03T09:19:19,2300.1,47.0,79.0,80.0,255.0,2992.0,1258.0,2273.0,9.71
2026-10-03T09:19:29,2310.1,47.0,79.0,80.0,255.0,2990.0,1258.0,2270.0,9.71
2026-10-03T09:19:39,2320.1,47.0,79.0,80.0,254.0,2989.0,1258.0,2270.0,9.71
2026-10-03T09:19:49,2330.1,47.0,81.0,79.0,260.0,3042.0,1258.0,2317.0,9.71
2026-10-03T09:19:59,2340.1,47.0,79.0,80.0,255.0,2991.0,1258.0,2279.0,9.71
2026-10-03T09:20:09,2350.1,47.0,79.0,80.0,255.0,2991.0,1258.0,2270.0,9.71
2026-10-03T09:20:19,2360.1,47.0,79.0,80.0,255.0,2991.0,1258.0,2270.0,9.71
2026-10-03T09:20:29,2370.1,47.0,79.0,80.0,255.0,2991.0,1258.0,2271.0,9.71
2026-10-03T09:20:39,2380.1,47.0,79.0,80.0,255.0,2989.0,1258.0,2270.0,9.71
2026-10-03T09:20:49,2390.1,47.0,79.0,80.0,255.0,2991.0,1258.0,2272.0,9.71
2026-10-03T09:20:59,2400.1,47.0,79.0,80.0,255.0,2991.0,1258.0,2272.0,9.71
2026-10-03T09:21:09,2410.1,47.0,79.0,80.0,255.0,2989.0,1258.0,2269.0,9.71
2026-10-03T09:21:19,2420.1,47.0,79.0,80.0,255.0,2991.0,1258.0,2273.0,9.71
2026-10-03T09:21:29,2430.1,47.0,79.0,80.0,255.0,2990.0,1258.0,2272.0,9.71
2026-10-03T09:21:39,2440.1,47.0,80.0,80.0,258.0,3024.0,1258.0,2282.0,9.71
2026-10-03T09:21:49,2450.1,47.0,80.0,80.0,257.0,3011.0,1258.0,2319.0,9.71
2026-10-03T09:21:59,2460.1,47.0,79.0,80.0,255.0,2991.0,1258.0,2269.0,9.71
2026-10-03T09:22:09,2470.1,47.0,79.0,80.0,255.0,2990.0,1258.0,2270.0,9.71
2026-10-03T09:22:19,2480.1,47.0,79.0,80.0,255.0,2990.0,1258.0,2271.0,9.71
2026-10-03T09:22:29,2490.1,47.0,79.0,80.0,255.0,2991.0,1258.0,2274.0,9.71
2026-10-03T09:22:39,2500.1,47.0,79.0,80.0,254.0,2988.0,1258.0,2270.0,9.71
2026-10-03T09:22:49,2510.1,47.0,79.0,80.0,255.0,2990.0,1258.0,2273.0,9.71
2026-10-03T09:22:59,2520.1,47.0,79.0,80.0,255.0,2991.0,1258.0,2276.0,9.71
2026-10-03T09:23:09,2530.1,47.0,79.0,80.0,255.0,2990.0,1258.0,2272.0,9.71
2026-10-03T09:23:19,2540.1,47.0,79.0,80.0,254.0,2989.0,1258.0,2271.0,9.71
2026-10-03T09:23:29,2550.1,47.0,80.0,80.0,255.0,2990.0,1258.0,2279.0,9.71
2026-10-03T09:23:39,2560.1,47.0,81.0,80.0,261.0,3042.0,1258.0,2321.0,9.71
2026-10-03T09:23:49,2570.1,47.0,80.0,80.0,255.0,2990.0,1258.0,2289.0,9.71
2026-10-03T09:23:59,2580.1,47.0,80.0,80.0,255.0,2991.0,1258.0,2271.0,9.71
2026-10-03T09:24:09,2590.1,47.0,80.0,80.0,255.0,2990.0,1258.0,2271.0,9.71
2026-10-03T09:24:19,2600.1,47.0,80.0,80.0,255.0,2990.0,1258.0,2273.0,9.71
2026-10-03T09:24:29,2610.1,47.0,79.0,80.0,254.0,2988.0,1258.0,2273.0,9.71
2026-10-03T09:24:39,2620.1,47.0,79.0,80.0,255.0,2991.0,1258.0,2272.0,9.71
2026-10-03T09:24:49,2630.1,47.0,79.0,80.0,255.0,2990.0,1258.0,2273.0,9.71
2026-10-03T09:24:59,2640.1,47.0,80.0,80.0,255.0,2991.0,1258.0,2272.0,9.71
2026-10-03T09:25:09,2650.1,47.0,79.0,80.0,255.0,2992.0,1258.0,2273.0,9.71
2026-10-03T09:25:19,2660.1,47.0,79.0,80.0,255.0,2991.0,1258.0,2269.0,9.71
2026-10-03T09:25:29,2670.1,47.0,80.0,80.0,257.0,3014.0,1258.0,2274.0,9.71
2026-10-03T09:25:39,2680.1,47.0,80.0,80.0,259.0,3019.0,1258.0,2334.0,9.71
2026-10-03T09:25:49,2690.1,47.0,80.0,80.0,255.0,2991.0,1258.0,2271.0,9.71
2026-10-03T09:25:59,2700.1,47.0,80.0,80.0,255.0,2990.0,1258.0,2268.0,9.71
2026-10-03T09:26:09,2710.1,47.0,79.0,80.0,255.0,2988.0,1258.0,2269.0,9.71
2026-10-03T09:26:19,2720.1,47.0,80.0,80.0,255.0,2990.0,1258.0,2274.0,9.71
2026-10-03T09:26:29,2730.1,47.0,80.0,80.0,255.0,2991.0,1258.0,2274.0,9.71
2026-10-03T09:26:39,2740.1,47.0,79.0,80.0,255.0,2990.0,1258.0,2271.0,9.71
2026-10-03T09:26:49,2750.1,47.0,80.0,80.0,255.0,2991.0,1258.0,2274.0,9.71
2026-10-03T09:26:59,2760.1,47.0,79.0,80.0,253.0,2972.0,1258.0,2272.0,9.71
2026-10-03T09:27:09,2770.1,47.0,80.0,80.0,255.0,2990.0,1258.0,2285.0,9.71
2026-10-03T09:27:19,2780.1,47.0,80.0,80.0,255.0,2990.0,1258.0,2270.0,9.71
2026-10-03T09:27:29,2790.1,47.0,81.0,80.0,261.0,3041.0,1258.0,2311.0,9.71
2026-10-03T09:27:39,2800.2,47.0,80.0,80.0,255.0,2989.0,1258.0,2298.0,9.71
2026-10-03T09:27:49,2810.2,47.0,80.0,80.0,255.0,2990.0,1258.0,2268.0,9.71
2026-10-03T09:27:59,2820.2,47.0,80.0,80.0,255.0,2989.0,1258.0,2266.0,9.71
2026-10-03T09:28:09,2830.2,47.0,80.0,80.0,255.0,2989.0,1258.0,2278.0,9.71
2026-10-03T09:28:19,2840.2,47.0,80.0,80.0,255.0,2990.0,1258.0,2271.0,9.71
2026-10-03T09:28:29,2850.2,47.0,80.0,80.0,255.0,2990.0,1258.0,2273.0,9.71
2026-10-03T09:28:39,2860.2,47.0,80.0,80.0,255.0,2991.0,1258.0,2269.0,9.71
2026-10-03T09:28:49,2870.2,47.0,80.0,80.0,255.0,2990.0,1258.0,2268.0,9.71
2026-10-03T09:28:59,2880.2,47.0,80.0,80.0,255.0,2990.0,1258.0,2270.0,9.71
2026-10-03T09:29:09,2890.2,47.0,79.0,80.0,255.0,2988.0,1258.0,2266.0,9.71
2026-10-03T09:29:19,2900.2,47.0,80.0,80.0,256.0,3001.0,1258.0,2276.0,9.71
2026-10-03T09:29:29,2910.2,47.0,81.0,80.0,260.0,3028.0,1258.0,2337.0,9.71
2026-10-03T09:29:39,2920.2,47.0,80.0,80.0,255.0,2989.0,1258.0,2275.0,9.71
2026-10-03T09:29:49,2930.2,47.0,80.0,80.0,255.0,2990.0,1258.0,2271.0,9.71
2026-10-03T09:29:59,2940.2,47.0,80.0,80.0,255.0,2990.0,1258.0,2272.0,9.71
2026-10-03T09:30:09,2950.2,47.0,80.0,80.0,255.0,2989.0,1258.0,2272.0,9.71
2026-10-03T09:30:19,2960.2,47.0,80.0,80.0,255.0,2988.0,1258.0,2276.0,9.71
2026-10-03T09:30:29,2970.2,47.0,80.0,80.0,255.0,2988.0,1258.0,2268.0,9.71
2026-10-03T09:30:39,2980.2,47.0,80.0,80.0,255.0,2990.0,1258.0,2269.0,9.71
2026-10-03T09:30:49,2990.2,47.0,80.0,80.0,255.0,2991.0,1258.0,2283.0,9.71
2026-10-03T09:30:59,3000.2,47.0,80.0,80.0,255.0,2990.0,1258.0,2275.0,9.71
2026-10-03T09:31:09,3010.2,47.0,80.0,80.0,255.0,2989.0,1258.0,2271.0,9.71
2026-10-03T09:31:19,3020.2,47.0,81.0,80.0,259.0,3036.0,1258.0,2301.0,9.71
2026-10-03T09:31:29,3030.2,47.0,80.0,80.0,256.0,2995.0,1258.0,2315.0,9.71
2026-10-03T09:31:39,3040.2,47.0,80.0,80.0,255.0,2990.0,1258.0,2268.0,9.71
2026-10-03T09:31:49,3050.2,47.0,80.0,80.0,255.0,2990.0,1258.0,2271.0,9.71
2026-10-03T09:31:59,3060.2,47.0,80.0,80.0,254.0,2987.0,1258.0,2274.0,9.71
2026-10-03T09:32:09,3070.2,47.0,80.0,80.0,255.0,2990.0,1258.0,2280.0,9.71
2026-10-03T09:32:19,3080.2,47.0,80.0,80.0,255.0,2991.0,1258.0,2275.0,9.71
2026-10-03T09:32:29,3090.2,47.0,80.0,80.0,255.0,2990.0,1258.0,2272.0,9.71
2026-10-03T09:32:39,3100.2,47.0,80.0,80.0,255.0,2990.0,1258.0,2274.0,9.71
2026-10-03T09:32:49,3110.2,47.0,80.0,80.0,255.0,2990.0,1258.0,2274.0,9.71
2026-10-03T09:32:59,3120.2,47.0,80.0,80.0,255.0,2991.0,1258.0,2275.0,9.71
2026-10-03T09:33:09,3130.2,47.0,79.0,80.0,255.0,2991.0,1258.0,2270.0,9.71
2026-10-03T09:33:19,3140.2,47.0,81.0,80.0,261.0,3041.0,1258.0,2328.0,9.71
2026-10-03T09:33:29,3150.2,47.0,80.0,80.0,255.0,2990.0,1258.0,2283.0,9.71
2026-10-03T09:33:39,3160.2,47.0,80.0,80.0,255.0,2989.0,1258.0,2268.0,9.71
2026-10-03T09:33:49,3170.2,47.0,80.0,80.0,255.0,2990.0,1258.0,2272.0,9.71
2026-10-03T09:33:59,3180.2,47.0,80.0,80.0,255.0,2989.0,1258.0,2269.0,9.71
2026-10-03T09:34:09,3190.2,47.0,80.0,80.0,255.0,2990.0,1258.0,2277.0,9.71
2026-10-03T09:34:19,3200.2,47.0,80.0,80.0,255.0,2989.0,1258.0,2277.0,9.71
2026-10-03T09:34:29,3210.2,47.0,80.0,80.0,255.0,2990.0,1258.0,2278.0,9.71
2026-10-03T09:34:39,3220.2,47.0,80.0,80.0,255.0,2990.0,1258.0,2276.0,9.71
2026-10-03T09:34:49,3230.2,47.0,80.0,80.0,255.0,2988.0,1258.0,2274.0,9.71
2026-10-03T09:34:59,3240.2,47.0,80.0,80.0,255.0,2988.0,1258.0,2272.0,9.71
2026-10-03T09:35:09,3250.2,47.0,80.0,80.0,258.0,3025.0,1258.0,2284.0,9.71
2026-10-03T09:35:19,3260.2,47.0,80.0,80.0,257.0,3005.0,1258.0,2331.0,9.71
2026-10-03T09:35:29,3270.2,47.0,80.0,80.0,255.0,2989.0,1258.0,2269.0,9.71
2026-10-03T09:35:39,3280.2,47.0,80.0,80.0,255.0,2990.0,1258.0,2269.0,9.71
2026-10-03T09:35:49,3290.2,47.0,80.0,80.0,255.0,2991.0,1258.0,2278.0,9.71
2026-10-03T09:35:59,3300.2,47.0,80.0,80.0,255.0,2990.0,1258.0,2275.0,9.71
2026-10-03T09:36:09,3310.2,47.0,80.0,80.0,255.0,2989.0,1258.0,2272.0,9.71
2026-10-03T09:36:19,3320.2,47.0,80.0,80.0,255.0,2990.0,1258.0,2278.0,9.71
2026-10-03T09:36:29,3330.2,47.0,80.0,80.0,255.0,2989.0,1258.0,2276.0,9.71
2026-10-03T09:36:39,3340.2,47.0,80.0,80.0,255.0,2988.0,1258.0,2281.0,9.71
2026-10-03T09:36:49,3350.2,47.0,80.0,80.0,255.0,2990.0,1258.0,2278.0,9.71
2026-10-03T09:36:59,3360.2,47.0,80.0,80.0,255.0,2989.0,1258.0,2273.0,9.71
2026-10-03T09:37:09,3370.2,47.0,81.0,80.0,260.0,3040.0,1258.0,2321.0,9.71
2026-10-03T09:37:19,3380.2,47.0,80.0,80.0,255.0,2987.0,1258.0,2293.0,9.71
2026-10-03T09:37:29,3390.2,47.0,80.0,80.0,255.0,2989.0,1258.0,2268.0,9.71
2026-10-03T09:37:39,3400.2,47.0,80.0,80.0,255.0,2987.0,1258.0,2275.0,9.71
2026-10-03T09:37:49,3410.2,47.0,80.0,80.0,255.0,2989.0,1258.0,2283.0,9.71
2026-10-03T09:37:59,3420.2,47.0,80.0,80.0,255.0,2989.0,1258.0,2281.0,9.71
2026-10-03T09:38:09,3430.2,47.0,80.0,80.0,256.0,2990.0,1258.0,2297.0,9.71
2026-10-03T09:38:19,3440.2,47.0,80.0,80.0,255.0,2989.0,1258.0,2274.0,9.71
2026-10-03T09:38:29,3450.2,47.0,80.0,80.0,255.0,2986.0,1258.0,2273.0,9.71
2026-10-03T09:38:39,3460.2,48.0,80.0,80.0,255.0,2989.0,1258.0,2283.0,9.71
2026-10-03T09:38:49,3470.2,47.0,80.0,80.0,255.0,2987.0,1258.0,2283.0,9.71
2026-10-03T09:38:59,3480.2,47.0,80.0,80.0,257.0,3010.0,1258.0,2282.0,9.71
2026-10-03T09:39:09,3490.2,48.0,81.0,80.0,259.0,3017.0,1258.0,2342.0,9.71
2026-10-03T09:39:19,3500.2,47.0,80.0,80.0,255.0,2989.0,1258.0,2293.0,9.71
2026-10-03T09:39:29,3510.2,48.0,80.0,80.0,255.0,2988.0,1258.0,2270.0,9.71
2026-10-03T09:39:39,3520.2,48.0,80.0,80.0,255.0,2988.0,1258.0,2273.0,9.71
2026-10-03T09:39:49,3530.2,47.0,80.0,80.0,255.0,2989.0,1258.0,2292.0,9.71
2026-10-03T09:39:59,3540.2,47.0,80.0,80.0,255.0,2989.0,1258.0,2286.0,9.71
2026-10-03T09:40:09,3550.2,47.0,80.0,80.0,254.0,2986.0,1258.0,2281.0,9.71
2026-10-03T09:40:19,3560.2,47.0,80.0,80.0,255.0,2989.0,1258.0,2292.0,9.71
2026-10-03T09:40:29,3570.2,47.0,80.0,80.0,255.0,2990.0,1258.0,2296.0,9.71
2026-10-03T09:40:39,3580.2,47.0,80.0,80.0,255.0,2990.0,1258.0,2282.0,9.71
2026-10-03T09:40:49,3590.2,47.0,80.0,80.0,255.0,2990.0,1258.0,2281.0,9.71
2026-10-03T09:40:59,3600.2,48.0,81.0,80.0,261.0,3039.0,1258.0,2322.0,9.71
2026-10-03T09:41:09,3610.2,47.0,80.0,80.0,255.0,2989.0,1258.0,2321.0,9.71
2026-10-03T09:41:19,3620.2,47.0,80.0,80.0,255.0,2989.0,1258.0,2296.0,9.71
2026-10-03T09:41:29,3630.2,47.0,80.0,80.0,255.0,2989.0,1258.0,2286.0,9.71
2026-10-03T09:41:39,3640.2,47.0,80.0,80.0,255.0,2987.0,1258.0,2279.0,9.71
2026-10-03T09:41:49,3650.2,47.0,80.0,80.0,255.0,2986.0,1258.0,2285.0,9.71
2026-10-03T09:41:59,3660.2,48.0,80.0,80.0,255.0,2986.0,1258.0,2286.0,9.71
2026-10-03T09:42:09,3670.2,47.0,80.0,80.0,255.0,2989.0,1258.0,2288.0,9.71
2026-10-03T09:42:19,3680.2,47.0,80.0,80.0,255.0,2989.0,1258.0,2297.0,9.71
2026-10-03T09:42:29,3690.2,47.0,80.0,80.0,255.0,2988.0,1258.0,2287.0,9.71
2026-10-03T09:42:39,3700.2,47.0,80.0,80.0,255.0,2989.0,1258.0,2298.0,9.71
2026-10-03T09:42:49,3710.2,47.0,80.0,80.0,255.0,3000.0,1258.0,2300.0,9.71
2026-10-03T09:42:59,3720.2,48.0,81.0,80.0,260.0,3027.0,1258.0,2359.0,9.71
2026-10-03T09:43:09,3730.2,47.0,80.0,80.0,255.0,2989.0,1258.0,2306.0,9.71
2026-10-03T09:43:19,3740.2,47.0,80.0,80.0,255.0,2989.0,1258.0,2297.0,9.71
2026-10-03T09:43:29,3750.2,47.0,80.0,80.0,255.0,2990.0,1258.0,2288.0,9.71
2026-10-03T09:43:39,3760.2,47.0,80.0,80.0,255.0,2989.0,1258.0,2299.0,9.71
2026-10-03T09:43:49,3770.2,47.0,80.0,80.0,255.0,2988.0,1258.0,2300.0,9.71
2026-10-03T09:43:59,3780.2,48.0,80.0,80.0,255.0,2989.0,1258.0,2300.0,9.71
2026-10-03T09:44:09,3790.2,48.0,80.0,80.0,255.0,2989.0,1258.0,2300.0,9.71
2026-10-03T09:44:19,3800.2,48.0,80.0,80.0,255.0,2989.0,1258.0,2301.0,9.71
2026-10-03T09:44:29,3810.2,48.0,80.0,80.0,255.0,2989.0,1258.0,2301.0,9.71
2026-10-03T09:44:39,3820.2,48.0,80.0,80.0,255.0,2989.0,1258.0,2300.0,9.71
2026-10-03T09:44:49,3830.2,48.0,81.0,80.0,260.0,3032.0,1258.0,2313.0,9.71
2026-10-03T09:44:59,3840.2,48.0,81.0,80.0,256.0,2995.0,1258.0,2336.0,9.71
2026-10-03T09:45:09,3850.2,48.0,80.0,80.0,255.0,2989.0,1258.0,2298.0,9.71
2026-10-03T09:45:19,3860.2,48.0,80.0,80.0,255.0,2988.0,1258.0,2299.0,9.71
2026-10-03T09:45:29,3870.2,48.0,80.0,80.0,255.0,2988.0,1258.0,2302.0,9.71
2026-10-03T09:45:39,3880.2,48.0,80.0,80.0,255.0,2989.0,1258.0,2300.0,9.71
2026-10-03T09:45:49,3890.2,48.0,80.0,80.0,255.0,2990.0,1258.0,2301.0,9.71
2026-10-03T09:45:59,3900.2,48.0,80.0,80.0,255.0,2988.0,1258.0,2301.0,9.71
2026-10-03T09:46:09,3910.2,48.0,80.0,80.0,255.0,2989.0,1258.0,2301.0,9.71
2026-10-03T09:46:19,3920.2,47.0,80.0,80.0,255.0,2988.0,1258.0,2299.0,9.71
2026-10-03T09:46:29,3930.2,48.0,80.0,80.0,255.0,2987.0,1258.0,2299.0,9.71
2026-10-03T09:46:39,3940.2,48.0,80.0,80.0,255.0,2988.0,1258.0,2299.0,9.71
2026-10-03T09:46:49,3950.2,48.0,82.0,80.0,261.0,3041.0,1258.0,2346.0,9.71
2026-10-03T09:46:59,3960.2,48.0,80.0,80.0,255.0,2989.0,1258.0,2304.0,9.71
2026-10-03T09:47:09,3970.2,48.0,80.0,80.0,254.0,2983.0,1258.0,2298.0,9.71
2026-10-03T09:47:19,3980.2,48.0,80.0,80.0,255.0,2985.0,1258.0,2299.0,9.71
2026-10-03T09:47:29,3990.2,48.0,80.0,80.0,255.0,2989.0,1258.0,2305.0,9.71
2026-10-03T09:47:39,4000.2,48.0,80.0,80.0,255.0,2987.0,1258.0,2305.0,9.71
2026-10-03T09:47:49,4010.2,48.0,80.0,80.0,255.0,2984.0,1258.0,2295.0,9.71
2026-10-03T09:47:59,4020.2,48.0,80.0,80.0,255.0,2986.0,1258.0,2300.0,9.71
2026-10-03T09:48:09,4030.2,48.0,80.0,80.0,255.0,2988.0,1258.0,2298.0,9.71
2026-10-03T09:48:19,4040.2,48.0,80.0,80.0,254.0,2984.0,1258.0,2298.0,9.71
2026-10-03T09:48:29,4050.2,48.0,80.0,80.0,255.0,2986.0,1258.0,2297.0,9.71
2026-10-03T09:48:39,4060.2,48.0,81.0,80.0,258.0,3021.0,1258.0,2314.0,9.71
2026-10-03T09:48:49,4070.2,48.0,81.0,80.0,258.0,3007.0,1258.0,2357.0,9.71
2026-10-03T09:48:59,4080.2,48.0,80.0,80.0,255.0,2984.0,1258.0,2298.0,9.71
2026-10-03T09:49:09,4090.2,48.0,80.0,80.0,255.0,2988.0,1258.0,2298.0,9.71
2026-10-03T09:49:19,4100.2,48.0,80.0,80.0,255.0,2988.0,1258.0,2303.0,9.71
2026-10-03T09:49:29,4110.2,48.0,80.0,80.0,255.0,2988.0,1258.0,2300.0,9.71
2026-10-03T09:49:39,4120.2,48.0,80.0,80.0,255.0,2989.0,1258.0,2303.0,9.71
2026-10-03T09:49:49,4130.2,48.0,80.0,80.0,255.0,2989.0,1258.0,2300.0,9.71
2026-10-03T09:49:59,4140.2,48.0,80.0,80.0,255.0,2988.0,1258.0,2300.0,9.71
2026-10-03T09:50:09,4150.2,48.0,80.0,80.0,255.0,2987.0,1258.0,2299.0,9.71
2026-10-03T09:50:19,4160.2,48.0,80.0,80.0,255.0,2987.0,1258.0,2300.0,9.71
2026-10-03T09:50:29,4170.2,48.0,80.0,80.0,255.0,2984.0,1258.0,2301.0,9.71
2026-10-03T09:50:39,4180.2,48.0,82.0,80.0,261.0,3041.0,1258.0,2341.0,9.71
2026-10-03T09:50:49,4190.2,48.0,80.0,80.0,255.0,2988.0,1258.0,2320.0,9.71
2026-10-03T09:50:59,4200.2,48.0,80.0,80.0,255.0,2989.0,1258.0,2299.0,9.71
2026-10-03T09:51:09,4210.2,48.0,80.0,80.0,255.0,2989.0,1258.0,2298.0,9.71
2026-10-03T09:51:19,4220.2,48.0,80.0,80.0,255.0,2987.0,1258.0,2298.0,9.71
2026-10-03T09:51:29,4230.2,48.0,80.0,80.0,255.0,2988.0,1258.0,2303.0,9.71
2026-10-03T09:51:39,4240.2,48.0,80.0,80.0,254.0,2983.0,1258.0,2297.0,9.71
2026-10-03T09:51:49,4250.2,48.0,80.0,80.0,255.0,2988.0,1258.0,2304.0,9.71
2026-10-03T09:51:59,4260.2,48.0,80.0,80.0,255.0,2986.0,1258.0,2300.0,9.71
2026-10-03T09:52:09,4270.2,48.0,80.0,80.0,255.0,2984.0,1258.0,2298.0,9.71
2026-10-03T09:52:19,4280.2,48.0,80.0,80.0,255.0,2987.0,1258.0,2302.0,9.71
2026-10-03T09:52:29,4290.2,48.0,81.0,80.0,257.0,3008.0,1258.0,2307.0,9.71
2026-10-03T09:52:39,4300.2,48.0,81.0,80.0,259.0,3021.0,1258.0,2362.0,9.71
2026-10-03T09:52:49,4310.2,48.0,80.0,80.0,255.0,2986.0,1258.0,2301.0,9.71
2026-10-03T09:52:59,4320.2,48.0,80.0,80.0,255.0,2986.0,1258.0,2298.0,9.71
2026-10-03T09:53:09,4330.2,48.0,80.0,80.0,255.0,2985.0,1258.0,2302.0,9.71
2026-10-03T09:53:19,4340.2,48.0,80.0,80.0,255.0,2986.0,1258.0,2300.0,9.71
2026-10-03T09:53:29,4350.2,48.0,80.0,80.0,255.0,2987.0,1258.0,2302.0,9.71
2026-10-03T09:53:39,4360.2,48.0,80.0,80.0,255.0,2986.0,1258.0,2298.0,9.71
2026-10-03T09:53:49,4370.2,48.0,80.0,80.0,255.0,2986.0,1258.0,2302.0,9.71
2026-10-03T09:53:59,4380.2,48.0,80.0,80.0,255.0,2987.0,1258.0,2302.0,9.71
2026-10-03T09:54:09,4390.2,48.0,80.0,80.0,255.0,2986.0,1258.0,2303.0,9.71
2026-10-03T09:54:19,4400.2,48.0,80.0,80.0,255.0,2987.0,1258.0,2304.0,9.71
2026-10-03T09:54:29,4410.2,48.0,82.0,80.0,261.0,3042.0,1258.0,2336.0,9.71
2026-10-03T09:54:39,4420.2,48.0,81.0,80.0,255.0,2987.0,1258.0,2327.0,9.71
2026-10-03T09:54:49,4430.2,48.0,80.0,80.0,255.0,2987.0,1258.0,2297.0,9.71
2026-10-03T09:54:59,4440.2,48.0,80.0,80.0,255.0,2985.0,1258.0,2298.0,9.71
2026-10-03T09:55:09,4450.2,48.0,80.0,80.0,255.0,2987.0,1258.0,2302.0,9.71
2026-10-03T09:55:19,4460.2,48.0,80.0,80.0,255.0,2986.0,1258.0,2302.0,9.71
2026-10-03T09:55:29,4470.2,48.0,80.0,80.0,255.0,2986.0,1258.0,2297.0,9.71
2026-10-03T09:55:39,4480.2,48.0,80.0,80.0,255.0,2986.0,1258.0,2306.0,9.71
2026-10-03T09:55:49,4490.2,48.0,80.0,80.0,255.0,2987.0,1258.0,2300.0,9.71
2026-10-03T09:55:59,4500.2,48.0,80.0,80.0,255.0,2986.0,1258.0,2301.0,9.71
2026-10-03T09:56:09,4510.2,48.0,80.0,80.0,255.0,2986.0,1258.0,2302.0,9.71
2026-10-03T09:56:19,4520.2,48.0,80.0,80.0,255.0,2993.0,1258.0,2302.0,9.71
2026-10-03T09:56:29,4530.2,48.0,82.0,80.0,261.0,3031.0,1258.0,2363.0,9.71
2026-10-03T09:56:39,4540.2,48.0,80.0,80.0,255.0,2987.0,1258.0,2312.0,9.71
2026-10-03T09:56:49,4550.2,48.0,80.0,80.0,255.0,2986.0,1258.0,2299.0,9.71
2026-10-03T09:56:59,4560.2,48.0,80.0,80.0,255.0,2986.0,1258.0,2304.0,9.71
2026-10-03T09:57:09,4570.2,48.0,80.0,80.0,255.0,2987.0,1258.0,2298.0,9.71
2026-10-03T09:57:19,4580.2,48.0,80.0,80.0,255.0,2986.0,1258.0,2300.0,9.71
2026-10-03T09:57:29,4590.2,48.0,80.0,80.0,255.0,2988.0,1258.0,2310.0,9.71
2026-10-03T09:57:39,4600.2,48.0,80.0,80.0,255.0,2986.0,1258.0,2304.0,9.71
2026-10-03T09:57:49,4610.2,48.0,80.0,80.0,255.0,2987.0,1258.0,2305.0,9.71
2026-10-03T09:57:59,4620.2,48.0,80.0,80.0,255.0,2987.0,1258.0,2300.0,9.71
2026-10-03T09:58:09,4630.2,48.0,80.0,80.0,255.0,2987.0,1258.0,2308.0,9.71
2026-10-03T09:58:19,4640.3,48.0,81.0,80.0,259.0,3027.0,1258.0,2318.0,9.71
2026-10-03T09:58:29,4650.3,48.0,81.0,80.0,257.0,3000.0,1258.0,2351.0,9.71
2026-10-03T09:58:39,4660.3,48.0,80.0,80.0,255.0,2988.0,1258.0,2300.0,9.71
2026-10-03T09:58:49,4670.3,48.0,80.0,80.0,255.0,2985.0,1258.0,2298.0,9.71
2026-10-03T09:58:59,4680.3,48.0,80.0,80.0,255.0,2989.0,1258.0,2304.0,9.71
2026-10-03T09:59:09,4690.3,48.0,80.0,80.0,255.0,2989.0,1258.0,2305.0,9.71
2026-10-03T09:59:19,4700.3,48.0,80.0,80.0,255.0,2989.0,1258.0,2304.0,9.71
2026-10-03T09:59:29,4710.3,48.0,80.0,80.0,255.0,2986.0,1258.0,2297.0,9.71
2026-10-03T09:59:39,4720.3,48.0,80.0,80.0,255.0,2989.0,1258.0,2301.0,9.71
2026-10-03T09:59:49,4730.3,48.0,80.0,80.0,255.0,2988.0,1258.0,2300.0,9.71
2026-10-03T09:59:59,4740.3,48.0,80.0,80.0,255.0,2986.0,1258.0,2305.0,9.71
2026-10-03T10:00:09,4750.3,48.0,80.0,80.0,255.0,2989.0,1258.0,2303.0,9.71
2026-10-03T10:00:19,4760.3,48.0,82.0,80.0,261.0,3038.0,1258.0,2350.0,9.71
2026-10-03T10:00:29,4770.3,48.0,80.0,80.0,255.0,2985.0,1258.0,2315.0,9.71
2026-10-03T10:00:39,4780.3,48.0,81.0,80.0,255.0,2989.0,1258.0,2298.0,9.71
2026-10-03T10:00:49,4790.3,48.0,81.0,80.0,255.0,2988.0,1258.0,2308.0,9.71
2026-10-03T10:00:59,4800.3,48.0,80.0,80.0,255.0,2986.0,1258.0,2298.0,9.71
2026-10-03T10:01:09,4810.3,48.0,80.0,80.0,255.0,2985.0,1258.0,2297.0,9.71
2026-10-03T10:01:19,4820.3,48.0,80.0,80.0,255.0,2989.0,1258.0,2305.0,9.71
2026-10-03T10:01:29,4830.3,48.0,80.0,80.0,255.0,2988.0,1258.0,2304.0,9.71
2026-10-03T10:01:39,4840.3,48.0,80.0,80.0,255.0,2986.0,1258.0,2300.0,9.71
2026-10-03T10:01:49,4850.3,48.0,80.0,80.0,255.0,2988.0,1258.0,2303.0,9.71
2026-10-03T10:01:59,4860.3,48.0,80.0,80.0,255.0,2988.0,1258.0,2307.0,9.71
2026-10-03T10:02:09,4870.3,48.0,81.0,80.0,257.0,3017.0,1258.0,2308.0,9.71
2026-10-03T10:02:19,4880.3,48.0,81.0,80.0,258.0,3013.0,1258.0,2366.0,9.71
2026-10-03T10:02:29,4890.3,48.0,80.0,80.0,255.0,2987.0,1258.0,2300.0,9.71
2026-10-03T10:02:39,4900.3,48.0,81.0,80.0,255.0,2988.0,1258.0,2307.0,9.71
2026-10-03T10:02:49,4910.3,48.0,80.0,80.0,255.0,2986.0,1258.0,2298.0,9.71
2026-10-03T10:02:59,4920.3,48.0,80.0,80.0,255.0,2990.0,1258.0,2302.0,9.71
2026-10-03T10:03:09,4930.3,48.0,80.0,80.0,255.0,2989.0,1258.0,2306.0,9.71
2026-10-03T10:03:19,4940.3,48.0,80.0,80.0,255.0,2989.0,1258.0,2298.0,9.71
2026-10-03T10:03:29,4950.3,48.0,80.0,80.0,255.0,2988.0,1258.0,2301.0,9.71
2026-10-03T10:03:39,4960.3,48.0,80.0,80.0,255.0,2989.0,1258.0,2307.0,9.71
2026-10-03T10:03:49,4970.3,48.0,80.0,80.0,255.0,2988.0,1258.0,2302.0,9.71
2026-10-03T10:03:59,4980.3,48.0,80.0,80.0,255.0,2984.0,1258.0,2297.0,9.71
2026-10-03T10:04:09,4990.3,48.0,82.0,80.0,261.0,3040.0,1258.0,2343.0,9.71
2026-10-03T10:04:19,5000.3,48.0,81.0,80.0,255.0,2986.0,1258.0,2326.0,9.71
2026-10-03T10:04:29,5010.3,48.0,80.0,80.0,255.0,2987.0,1258.0,2296.0,9.71
2026-10-03T10:04:39,5020.3,48.0,81.0,80.0,255.0,2989.0,1258.0,2303.0,9.71
2026-10-03T10:04:49,5030.3,48.0,81.0,80.0,255.0,2988.0,1258.0,2307.0,9.71
2026-10-03T10:04:59,5040.3,48.0,81.0,80.0,255.0,2983.0,1258.0,2303.0,9.71
2026-10-03T10:05:09,5050.3,48.0,81.0,80.0,255.0,2988.0,1258.0,2307.0,9.71
2026-10-03T10:05:19,5060.3,48.0,81.0,80.0,255.0,2987.0,1258.0,2303.0,9.71
2026-10-03T10:05:29,5070.3,48.0,81.0,80.0,255.0,2985.0,1258.0,2300.0,9.71
2026-10-03T10:05:39,5080.3,48.0,81.0,80.0,255.0,2986.0,1258.0,2307.0,9.71
2026-10-03T10:05:49,5090.3,48.0,81.0,80.0,255.0,2988.0,1258.0,2306.0,9.71
2026-10-03T10:05:59,5100.3,48.0,81.0,80.0,256.0,3001.0,1258.0,2302.0,9.71
2026-10-03T10:06:09,5110.3,48.0,82.0,80.0,260.0,3023.0,1258.0,2371.0,9.71
2026-10-03T10:06:19,5120.3,48.0,81.0,80.0,255.0,2988.0,1258.0,2305.0,9.71
2026-10-03T10:06:29,5130.3,48.0,81.0,80.0,255.0,2989.0,1258.0,2298.0,9.71
2026-10-03T10:06:39,5140.3,48.0,81.0,80.0,255.0,2988.0,1258.0,2304.0,9.71
2026-10-03T10:06:49,5150.3,48.0,81.0,80.0,255.0,2988.0,1258.0,2299.0,9.71
2026-10-03T10:06:59,5160.3,48.0,81.0,80.0,255.0,2988.0,1258.0,2303.0,9.71
2026-10-03T10:07:09,5170.3,48.0,80.0,80.0,255.0,2987.0,1258.0,2307.0,9.71
2026-10-03T10:07:19,5180.3,48.0,80.0,80.0,255.0,2988.0,1258.0,2303.0,9.71
2026-10-03T10:07:29,5190.3,48.0,81.0,80.0,255.0,2987.0,1258.0,2311.0,9.71
2026-10-03T10:07:39,5200.3,48.0,80.0,80.0,255.0,2986.0,1258.0,2297.0,9.71
2026-10-03T10:07:49,5210.3,48.0,80.0,80.0,255.0,2987.0,1258.0,2301.0,9.71
2026-10-03T10:07:59,5220.3,48.0,82.0,80.0,260.0,3035.0,1258.0,2328.0,9.71
2026-10-03T10:08:09,5230.3,48.0,81.0,80.0,256.0,2993.0,1258.0,2343.0,9.71
2026-10-03T10:08:19,5240.3,48.0,81.0,80.0,255.0,2989.0,1258.0,2298.0,9.71
2026-10-03T10:08:29,5250.3,48.0,81.0,80.0,255.0,2988.0,1258.0,2300.0,9.71
2026-10-03T10:08:39,5260.3,48.0,80.0,80.0,255.0,2988.0,1258.0,2301.0,9.71
2026-10-03T10:08:49,5270.3,48.0,81.0,80.0,255.0,2988.0,1258.0,2312.0,9.71
2026-10-03T10:08:59,5280.3,48.0,80.0,80.0,255.0,2989.0,1258.0,2299.0,9.71
2026-10-03T10:09:09,5290.3,48.0,80.0,80.0,255.0,2988.0,1258.0,2303.0,9.71
2026-10-03T10:09:19,5300.3,48.0,80.0,80.0,255.0,2989.0,1258.0,2301.0,9.71
2026-10-03T10:09:29,5310.3,48.0,80.0,80.0,255.0,2988.0,1258.0,2304.0,9.71
2026-10-03T10:09:39,5320.3,48.0,81.0,80.0,255.0,2989.0,1258.0,2308.0,9.71
2026-10-03T10:09:49,5330.3,48.0,80.0,80.0,255.0,2989.0,1258.0,2306.0,9.71
2026-10-03T10:09:59,5340.3,48.0,82.0,80.0,261.0,3037.0,1258.0,2361.0,9.71
2026-10-03T10:10:09,5350.3,48.0,81.0,80.0,255.0,2988.0,1258.0,2321.0,9.71
2026-10-03T10:10:19,5360.3,48.0,81.0,80.0,255.0,2988.0,1258.0,2294.0,9.71
2026-10-03T10:10:29,5370.3,48.0,81.0,80.0,255.0,2987.0,1258.0,2304.0,9.71
2026-10-03T10:10:39,5380.3,48.0,80.0,80.0,255.0,2987.0,1258.0,2298.0,9.71
2026-10-03T10:10:49,5390.3,48.0,80.0,80.0,255.0,2988.0,1258.0,2301.0,9.71
2026-10-03T10:10:59,5400.3,48.0,80.0,80.0,255.0,2987.0,1258.0,2305.0,9.71
2026-10-03T10:11:09,5410.3,48.0,80.0,80.0,255.0,2989.0,1258.0,2305.0,9.71
2026-10-03T10:11:19,5420.3,48.0,80.0,80.0,255.0,2988.0,1258.0,2301.0,9.71
2026-10-03T10:11:29,5430.3,48.0,80.0,80.0,255.0,2988.0,1258.0,2304.0,9.71
2026-10-03T10:11:39,5440.3,48.0,80.0,80.0,255.0,2984.0,1258.0,2297.0,9.71
2026-10-03T10:11:49,5450.3,48.0,81.0,80.0,258.0,3022.0,1258.0,2314.0,9.71
2026-10-03T10:11:59,5460.3,48.0,81.0,80.0,258.0,3003.0,1258.0,2362.0,9.71
2026-10-03T10:12:09,5470.3,48.0,80.0,80.0,255.0,2982.0,1258.0,2298.0,9.71
2026-10-03T10:12:19,5480.3,48.0,81.0,80.0,255.0,2987.0,1258.0,2307.0,9.71
2026-10-03T10:12:29,5490.3,48.0,81.0,80.0,255.0,2988.0,1258.0,2309.0,9.71
2026-10-03T10:12:39,5500.3,48.0,81.0,80.0,255.0,2988.0,1258.0,2305.0,9.71
2026-10-03T10:12:49,5510.3,48.0,81.0,80.0,255.0,2987.0,1258.0,2305.0,9.71
2026-10-03T10:12:59,5520.3,48.0,81.0,80.0,255.0,2988.0,1258.0,2307.0,9.71
2026-10-03T10:13:09,5530.3,48.0,81.0,80.0,255.0,2989.0,1258.0,2304.0,9.71
2026-10-03T10:13:19,5540.3,48.0,80.0,80.0,255.0,2989.0,1258.0,2303.0,9.71
2026-10-03T10:13:29,5550.3,48.0,80.0,80.0,255.0,2985.0,1258.0,2302.0,9.71
2026-10-03T10:13:39,5560.3,48.0,81.0,80.0,255.0,2989.0,1258.0,2310.0,9.71
2026-10-03T10:13:49,5570.3,48.0,82.0,80.0,261.0,3039.0,1258.0,2351.0,9.71
2026-10-03T10:13:59,5580.3,48.0,81.0,80.0,255.0,2984.0,1258.0,2319.0,9.71
2026-10-03T10:14:09,5590.3,48.0,81.0,80.0,255.0,2986.0,1258.0,2296.0,9.71
2026-10-03T10:14:19,5600.3,48.0,81.0,80.0,255.0,2987.0,1258.0,2305.0,9.71
2026-10-03T10:14:29,5610.3,48.0,81.0,80.0,255.0,2987.0,1258.0,2311.0,9.71
2026-10-03T10:14:39,5620.3,48.0,81.0,80.0,255.0,2988.0,1258.0,2310.0,9.71
2026-10-03T10:14:49,5630.3,48.0,81.0,80.0,255.0,2988.0,1258.0,2303.0,9.71
2026-10-03T10:14:59,5640.3,48.0,80.0,80.0,255.0,2987.0,1258.0,2301.0,9.71
2026-10-03T10:15:09,5650.3,48.0,81.0,80.0,255.0,2989.0,1258.0,2306.0,9.71
2026-10-03T10:15:19,5660.3,48.0,80.0,80.0,255.0,2988.0,1258.0,2302.0,9.71
2026-10-03T10:15:29,5670.3,48.0,81.0,80.0,255.0,2987.0,1258.0,2306.0,9.71
2026-10-03T10:15:39,5680.3,48.0,81.0,80.0,257.0,3008.0,1258.0,2307.0,9.71
2026-10-03T10:15:49,5690.3,48.0,82.0,80.0,259.0,3018.0,1258.0,2377.0,9.71
2026-10-03T10:15:59,5700.3,48.0,81.0,80.0,255.0,2988.0,1258.0,2305.0,9.71
2026-10-03T10:16:09,5710.3,48.0,81.0,80.0,255.0,2989.0,1258.0,2302.0,9.71
2026-10-03T10:16:19,5720.3,48.0,81.0,80.0,255.0,2988.0,1258.0,2306.0,9.71
2026-10-03T10:16:29,5730.3,48.0,81.0,80.0,255.0,2989.0,1258.0,2303.0,9.71
2026-10-03T10:16:39,5740.3,48.0,81.0,80.0,255.0,2987.0,1258.0,2298.0,9.71
2026-10-03T10:16:49,5750.3,48.0,81.0,80.0,255.0,2989.0,1258.0,2312.0,9.71
2026-10-03T10:16:59,5760.3,48.0,81.0,80.0,255.0,2987.0,1258.0,2309.0,9.71
2026-10-03T10:17:09,5770.3,48.0,81.0,80.0,255.0,2986.0,1258.0,2310.0,9.71
2026-10-03T10:17:19,5780.3,48.0,81.0,80.0,255.0,2986.0,1258.0,2297.0,9.71
2026-10-03T10:17:29,5790.3,48.0,81.0,80.0,255.0,2988.0,1258.0,2312.0,9.71
2026-10-03T10:17:39,5800.3,48.0,82.0,80.0,260.0,3038.0,1258.0,2339.0,9.71
2026-10-03T10:17:49,5810.3,48.0,82.0,80.0,261.0,3044.0,1258.0,2370.0,9.71
