step,tokens,lr_mult,loss,grad_norm,value_grad_norm,tok_s
10,327680,0.05555555555555555,10.218315887451173,8.314849853515625,,33592
20,655360,0.1111111111111111,9.093154907226562,3.2855987548828125,,34576
30,983040,0.16666666666666666,8.359705352783203,2.1549457550048827,,34506
40,1310720,0.2222222222222222,7.706671142578125,1.6066795349121095,,34506
50,1638400,0.2777777777777778,7.157328033447266,1.398763084411621,,34513
60,1966080,0.3333333333333333,6.829123687744141,1.2295811653137207,,34502
70,2293760,0.3888888888888889,6.609507751464844,1.1037141799926757,,34490
80,2621440,0.4444444444444444,6.47986068725586,1.1035972595214845,,34484
90,2949120,0.5,6.33239860534668,0.8532197952270508,,34488
100,3276800,0.5555555555555556,6.223186492919922,0.8926239013671875,,34481
110,3604480,0.6111111111111112,6.196062088012695,0.8233277320861816,,34476
120,3932160,0.6666666666666666,6.086149597167969,0.8958498001098633,,34475
130,4259840,0.7222222222222222,5.925779724121094,0.823890209197998,,34482
140,4587520,0.7777777777777778,5.906992340087891,0.8734036445617676,,34474
150,4915200,0.8333333333333334,5.8543651580810545,0.8141444206237793,,34480
160,5242880,0.8888888888888888,5.746514892578125,0.7278777599334717,,34483
170,5570560,0.9444444444444444,5.713627624511719,0.8112526893615722,,34474
180,5898240,1.0,5.663014221191406,0.817739200592041,,34469
190,6225920,0.9999846215488786,5.6132160186767575,0.7511909484863282,,34481
200,6553600,0.999931462820376,5.555550384521484,0.7494816303253173,,34477
210,6881280,0.9998403384415879,5.5268714904785154,0.6847464084625244,,34472
220,7208960,0.9997112561016769,5.460287475585938,1.0684215545654296,,34474
230,7536640,0.9995442266927352,5.457257080078125,0.7188735961914062,,34481
240,7864320,0.9993392643088654,5.386419296264648,0.6414477825164795,,34470
250,8192000,0.999096386244991,5.334759521484375,0.5741888523101807,,34462
260,8519680,0.9988156129953967,5.306143188476563,0.5898236274719239,,34474
270,8847360,0.998496968252,5.197861099243164,0.5597107410430908,,34471
280,9175040,0.9981404789023511,5.203128051757813,0.5615534782409668,,34468
290,9502720,0.9977461750273652,5.164291000366211,0.5546497344970703,,34475
300,9830400,0.9973140898987827,5.1171417236328125,0.5399116516113281,,34478
310,10158080,0.9968442599763632,5.084452819824219,0.5867629051208496,,34471
320,10485760,0.9963367249048082,5.053346633911133,0.5081724166870117,,34459
330,10813440,0.9957915275104158,5.045805358886719,0.5032954216003418,,34455
340,11141120,0.9952087137974676,5.019042587280273,0.5126072406768799,,34466
350,11468800,0.994588332944346,4.976484298706055,0.5395598411560059,,34467
360,11796480,0.9939304372993851,4.961617660522461,0.519338846206665,,34468
370,12124160,0.9932350823764533,4.9779003143310545,0.517018175125122,,34462
380,12451840,0.9925023268502687,4.870896530151367,0.495653772354126,,34459
390,12779520,0.9917322325514488,4.876932144165039,0.5007075309753418,,34460
400,13107200,0.9909248644612921,4.864971542358399,0.49379720687866213,,34471
410,13434880,0.9900802907062962,4.839408111572266,0.4867566585540771,,34465
420,13762560,0.9891985825524078,4.81635627746582,0.4772141456604004,,34451
430,14090240,0.9882798143990106,4.817120361328125,0.4652214527130127,,34460
440,14417920,0.9873240637726465,4.726849746704102,0.46309189796447753,,34466
450,14745600,0.9863314113204739,4.7429759979248045,0.473859977722168,,34457
460,15073280,0.9853019408034632,4.757716369628906,0.5005879878997803,,34464
470,15400960,0.9842357390893284,4.704861831665039,0.48459692001342775,,34469
480,15728640,0.9831328961451973,4.738270950317383,0.46548829078674314,,34463
490,16056320,0.9819935050300197,4.663266372680664,0.4639706611633301,,34435
500,16384000,0.9808176618867158,4.625518798828125,0.4856567859649658,,34464
510,16711680,0.979605465934063,4.68737678527832,0.45965137481689455,,34462
520,17039360,0.9783570194583231,4.643271636962891,0.483351469039917,,34458
530,17367040,0.9770724278046128,4.613249969482422,0.551204776763916,,34443
540,17694720,0.9757517993680134,4.611267852783203,0.461901330947876,,34463
550,18022400,0.9743952455844244,4.615943145751953,0.44727182388305664,,34462
560,18350080,0.973002880921161,4.60607795715332,0.44643435478210447,,34453
570,18677760,0.9715748228672951,4.563568115234375,0.459442138671875,,34468
580,19005440,0.9701111919237407,4.56016731262207,0.4481074810028076,,34467
590,19333120,0.9686121115930871,4.51138916015625,0.4651604175567627,,34452
600,19660800,0.9670777083691766,4.552081298828125,0.5099112510681152,,34469
610,19988480,0.9655081117264318,4.500728988647461,0.4435263156890869,,34475
620,20316160,0.963903454108929,4.529787063598633,0.4385255813598633,,34467
630,20643840,0.9622638709192242,4.465161895751953,0.4593687057495117,,34470
640,20971520,0.9605895005069262,4.4518383026123045,0.43674721717834475,,34477
650,21299200,0.9588804841570236,4.416552352905273,0.4285452365875244,,34466
660,21626880,0.9571369660779627,4.454216766357422,0.4309271812438965,,34464
670,21954560,0.9553590933894782,4.426796722412109,0.43263936042785645,,34469
680,22282240,0.9535470161101807,4.407164001464844,0.4243131637573242,,34466
690,22609920,0.9517008871448964,4.4647674560546875,0.4343723773956299,,34463
700,22937600,0.9498208622717662,4.39777717590332,0.4247485637664795,,34463
710,23265280,0.9479071001291,4.380276107788086,0.4194501876831055,,34470
720,23592960,0.9459597622019909,4.357699584960938,0.4401563167572021,,34462
730,23920640,0.9439790128086893,4.362770843505859,0.4205312252044678,,34449
740,24248320,0.9419650190867372,4.335940170288086,0.42893452644348146,,34465
750,24576000,0.9399179509788653,4.357880783081055,0.43131289482116697,,34462
760,24903680,0.9378379812186524,4.376794052124024,0.41828088760375975,,34458
770,25231360,0.9357252853159506,4.328750991821289,0.4424550533294678,,34458
780,25559040,0.9335800415420756,4.289284896850586,0.43277797698974607,,34464
790,25886720,0.9314024309147637,4.290006256103515,0.42659816741943357,,34462
800,26214400,0.9291926371828976,4.282655715942383,0.41171417236328123,,34455
810,26542080,0.9269508468110012,4.285556030273438,0.42504539489746096,,34460
820,26869760,0.9246772489635057,4.24481201171875,0.42665867805480956,,34462
830,27197440,0.9223720354887878,4.238595581054687,0.4248342990875244,,34464
840,27525120,0.9200354009029813,4.24547004699707,0.42467756271362306,,34455
850,27852800,0.9176675423735636,4.214529418945313,0.42459855079650877,,34467
860,28180480,0.9152686597027185,4.20202407836914,0.4166771411895752,,34462
870,28508160,0.9128389553104771,4.203463363647461,0.47447452545166013,,34467
880,28835840,0.9103786342176362,4.186778259277344,0.4466062545776367,,34469
890,29163520,0.9078879040284603,4.147246551513672,0.4278707981109619,,34466
900,29491200,0.9053669749131621,4.18309211730957,0.4234330177307129,,34461
910,29818880,0.9028160595901689,4.12320556640625,0.3981956481933594,,34462
920,30146560,0.9002353733081732,4.131812667846679,0.41637563705444336,,34468
930,30474240,0.8976251338279695,4.102501678466797,0.41242222785949706,,34468
940,30801920,0.8949855614040801,4.144166564941406,0.4212007999420166,,34464
950,31129600,0.8923168787661687,4.08369140625,0.5121737480163574,,34471
960,31457280,0.8896193111002475,4.13121337890625,0.44280238151550294,,34470
970,31784960,0.8868930860296746,4.106037521362305,0.41183958053588865,,34462
980,32112640,0.8841384335959481,4.086155700683594,0.41743764877319334,,34469
990,32440320,0.881355586239294,4.062287521362305,0.41744093894958495,,34462
1000,32768000,0.8785447787790533,4.0782958984375,0.4161217212677002,,34459
1010,33095680,0.8757062483938672,4.088931274414063,0.42261013984680174,,34462
1020,33423360,0.8728402346016644,4.050865936279297,0.4168656349182129,,34465
1030,33751040,0.8699469792394494,4.079245758056641,0.4178947925567627,,34463
1040,34078720,0.8670267264428972,4.022304534912109,0.41260905265808107,,34458
1050,34406400,0.8640797226257521,4.029784774780273,0.41327657699584963,,34468
1060,34734080,0.8611062164590351,4.046812057495117,0.41629581451416015,,34464
1070,35061760,0.8581064588500612,4.0238910675048825,0.4172038555145264,,34461
1080,35389440,0.8550807029212674,4.023008346557617,0.4062319278717041,,34460
1090,35717120,0.8520292039888538,3.9696746826171876,0.40880517959594725,,34463
1100,36044800,0.8489522195412401,3.9691429138183594,0.4047593593597412,,34440
1110,36372480,0.8458500092173384,4.000118255615234,0.3986938238143921,,34457
1120,36700160,0.8427228347846444,4.001975631713867,0.40425424575805663,,34464
1130,37027840,0.8395709601171493,3.9705760955810545,0.40174427032470705,,34461
1140,37355520,0.8363946511730738,3.9808589935302736,0.41025533676147463,,34462
1150,37683200,0.8331941759724268,3.980458450317383,0.3982271432876587,,34461
1160,38010880,0.8299698045743891,3.9449573516845704,0.41276960372924804,,34470
1170,38338560,0.8267218090545253,3.9656742095947264,0.40499391555786135,,34465
1180,38666240,0.8234504634818266,4.004558181762695,0.40625810623168945,,34463
1190,38993920,0.8201560438955838,3.9249904632568358,0.5587051391601563,,34473
1200,39321600,0.8168388282820953,4.007220840454101,0.40813522338867186,,34470
1210,39649280,0.8134990965512107,3.9393104553222655,0.41110453605651853,,34468
1220,39976960,0.8101371305127102,3.8813411712646486,0.40616545677185056,,34476
1230,40304640,0.8067532138525275,3.940041732788086,0.39576675891876223,,34471
1240,40632320,0.8033476321088103,3.8720371246337892,0.3969190359115601,,34461
1250,40960000,0.7999206726478268,3.9149734497070314,0.41011819839477537,,34469
1260,41287680,0.7964726246397179,3.8858974456787108,0.40854249000549314,,34483
1270,41615360,0.7930037790340962,3.8869110107421876,0.4034417629241943,,34466
1280,41943040,0.7895144285354957,3.8855255126953123,0.40259747505187987,,34462
1290,42270720,0.7860048675786733,3.8813331604003904,0.4077702522277832,,34467
1300,42598400,0.7824753923037631,3.8463993072509766,0.39504973888397216,,34465
1310,42926080,0.7789263005312894,3.8808616638183593,0.40013761520385743,,34466
1320,43253760,0.7753578917370347,3.864679718017578,0.4042637348175049,,34464
1330,43581440,0.7717704670267712,3.8307159423828123,0.4003737449645996,,34477
1340,43909120,0.7681643291108518,3.843789291381836,0.404894495010376,,34474
1350,44236800,0.7645397822786677,3.843858337402344,0.40883560180664064,,34472
1360,44564480,0.7608971323729727,3.8478816986083983,0.4096513271331787,,34476
1370,44892160,0.757236686764075,3.7918792724609376,0.4081237316131592,,34466
1380,45219840,0.7535587543239013,3.808705520629883,0.39571778774261473,,34467
1390,45547520,0.7498636453999343,3.7689849853515627,0.3964273929595947,,34468
1400,45875200,0.7461516717890248,3.7959861755371094,0.40534358024597167,,34473
1410,46202880,0.742423146711082,3.812015151977539,0.3954252481460571,,34466
1420,46530560,0.738678384782644,3.831037902832031,0.3945321083068848,,34461
1430,46858240,0.7349177019903299,3.8262165069580076,0.39823625087738035,,34470
1440,47185920,0.7311414156641768,3.784453201293945,0.3963972806930542,,34468
1450,47513600,0.7273498444508628,3.7664463043212892,0.3997396230697632,,34459
1460,47841280,0.7235433082868195,3.7634017944335936,0.4012903213500977,,34462
1470,48168960,0.7197221283712356,3.822605514526367,0.41013126373291015,,34467
1480,48496640,0.7158866271389536,3.774884796142578,0.40293211936950685,,34469
1490,48824320,0.7120371282332626,3.7687313079833986,0.4026948928833008,,34455
1500,49152000,0.7081739564785886,3.7904521942138674,0.3975349426269531,,34466
1510,49479680,0.7042974378530861,3.758311080932617,0.3941476821899414,,34470
1520,49807360,0.7004078994611312,3.739801025390625,0.4011180877685547,,34464
1530,50135040,0.6965056695057205,3.7623264312744142,0.39415147304534914,,34471
1540,50462720,0.692591077260777,3.6887348175048826,0.3903478145599365,,34469
1550,50790400,0.6886644530433654,3.7740524291992186,0.39168882369995117,,34464
1560,51118080,0.6847261281858202,3.7306198120117187,0.40028018951416017,,34463
1570,51445760,0.6807764350077868,3.7630294799804687,0.3977545976638794,,34470
1580,51773440,0.6768157067881806,3.7855998992919924,0.4016214370727539,,34467
1590,52101120,0.6728442777370646,3.71221923828125,0.39826533794403074,,34455
1600,52428800,0.668862482967448,3.7533260345458985,0.3971304416656494,,34465
1610,52756480,0.6648706584670092,3.7219722747802733,0.3963829517364502,,34465
1620,53084160,0.6608691410697456,3.7085140228271483,0.3896155595779419,,34463
1630,53411840,0.6568582684275499,3.6599308013916017,0.39046919345855713,,34464
1640,53739520,0.6528383789817197,3.6802143096923827,0.3923600912094116,,34464
1650,54067200,0.6488098119343989,3.6900054931640627,0.3910613775253296,,34463
1660,54394880,0.6447729072199563,3.6639774322509764,0.40963191986083985,,34463
1670,54722560,0.6407280054763005,3.6920616149902346,0.395387077331543,,34472
1680,55050240,0.6366754480161375,3.660608673095703,0.39440417289733887,,34465
1690,55377920,0.6326155767981699,3.6789810180664064,0.4036866188049316,,34460
1700,55705600,0.6285487343982423,3.6735424041748046,0.399474048614502,,34468
1710,56033280,0.6244752639804343,3.660907745361328,0.39488911628723145,,34464
1720,56360960,0.6203955092681039,3.6746662139892576,0.39822371006011964,,34456
1730,56688640,0.6163098145148842,3.643782043457031,0.395492696762085,,34459
1740,57016320,0.6122185244756344,3.661212921142578,0.39759039878845215,,34465
1750,57344000,0.6081219843773497,3.674655532836914,0.39453797340393065,,34468
1760,57671680,0.6040205398900299,3.6317256927490233,0.39416701793670655,,34459
1770,57999360,0.5999145370975122,3.683517837524414,0.3891201734542847,,34464
1780,58327040,0.5958043224682678,3.6411842346191405,0.3962035417556763,,34470
1790,58654720,0.5916902428261666,3.646669387817383,0.3972144842147827,,34468
1800,58982400,0.5875726453212125,3.6450180053710937,0.39623074531555175,,34460
1810,59310080,0.5834518774002495,3.684088134765625,0.40377068519592285,,34471
1820,59637760,0.5793282867776447,3.6497123718261717,0.39602558612823485,,34466
1830,59965440,0.5752022214059477,3.6542301177978516,0.39678006172180175,,34460
1840,60293120,0.5710740294465291,3.647933578491211,0.39344766139984133,,34484
1850,60620800,0.5669440592402036,3.616780471801758,0.39397225379943845,,34478
1860,60948480,0.5628126592778361,3.627188491821289,0.3921103000640869,,34477
1870,61276160,0.5586801781709352,3.6035388946533202,0.3936357021331787,,34481
1880,61603840,0.554546964622238,3.643678665161133,0.4007391929626465,,34486
1890,61931520,0.5504133673962854,3.5981624603271483,0.3981694459915161,,34477
1900,62259200,0.5462797352899939,3.6267730712890627,0.394576358795166,,34474
1910,62586880,0.5421464171032224,3.5678760528564455,0.40083632469177244,,34484
1920,62914560,0.538013761609342,3.6283710479736326,0.39877049922943114,,34475
1930,63242240,0.533882117525804,3.6887035369873047,0.4023144245147705,,34466
1940,63569920,0.5297518334847168,3.5759662628173827,0.39437212944030764,,34458
1950,63897600,0.5256232580034267,3.5432430267333985,0.392423152923584,,34464
1960,64225280,0.5214967394551103,3.585772705078125,0.39823088645935056,,34460
1970,64552960,0.517372626039378,3.5930213928222656,0.39720706939697265,,34455
1980,64880640,0.5132512657528928,3.611014556884766,0.3969778537750244,,34467
1990,65208320,0.5091330063600062,3.555095672607422,0.3955347537994385,,34464
2000,65536000,0.5050181953634135,3.5950237274169923,0.3990450143814087,,34455
2010,65863680,0.50090717997483,3.5349979400634766,0.39383587837219236,,34463
2020,66191360,0.49680030708569534,3.591030502319336,0.3979674816131592,,34465
2030,66519040,0.49269792323789996,3.5876995086669923,0.3958937168121338,,34464
2040,66846720,0.4886003745945452,3.5875144958496095,0.39337179660797117,,34458
2050,67174400,0.4845080069107329,3.6133544921875,0.3937562942504883,,34466
2060,67502080,0.48042116550439096,3.56834716796875,0.3941338062286377,,34465
2070,67829760,0.47634019522713433,3.5379993438720705,0.4049508571624756,,34464
2080,68157440,0.4722654404351665,3.605085754394531,0.3982431650161743,,34476
2090,68485120,0.4681972449602221,3.5895370483398437,0.3958260536193848,,34460
2100,68812800,0.4641359520805548,3.5537933349609374,0.39558708667755127,,34463
2110,69140480,0.4600819044919704,3.5189468383789064,0.39558632373809816,,34466
2120,69468160,0.45603544427890985,3.5560348510742186,0.40022597312927244,,34472
2130,69795840,0.45199691288558397,3.5388233184814455,0.392396879196167,,34457
2140,70123520,0.4479666510871626,3.5472129821777343,0.39609270095825194,,34468
2150,70451200,0.44394499896101913,3.5531272888183594,0.3991793870925903,,34470
2160,70778880,0.43993229585803395,3.573786163330078,0.40102262496948243,,34468
2170,71106560,0.4359288803739607,3.500147247314453,0.3961193084716797,,34472
2180,71434240,0.43193509032085486,3.5099197387695313,0.3968752145767212,,34460
2190,71761920,0.42795126269856876,3.4466930389404298,0.3948599576950073,,34476
2200,72089600,0.42397773366631475,3.554970550537109,0.40000057220458984,,34451
2210,72417280,0.42001483851430055,3.543740081787109,0.3976431846618652,,34461
2220,72744960,0.4160629116354372,3.5246353149414062,0.39351372718811034,,34470
2230,73072640,0.4121222864971219,3.488861083984375,0.40415196418762206,,34470
2240,73400320,0.4081932956130997,3.4580787658691405,0.407316255569458,,34463
2250,73728000,0.4042762705154067,3.5003204345703125,0.3973130702972412,,34469
2260,74055680,0.40037154172639444,3.5336437225341797,0.397861385345459,,34484
2270,74383360,0.3964794387308398,3.5168338775634767,0.3981529474258423,,34477
2280,74711040,0.3926002899481428,3.5018043518066406,0.39611315727233887,,34474
2290,75038720,0.3887344227046149,3.5331005096435546,0.40012197494506835,,34475
2300,75366400,0.38488216320585855,3.492417907714844,0.3969400644302368,,34477
2310,75694080,0.38104383650924145,3.493299865722656,0.3912529230117798,,34470
2320,76021760,0.3772197664964678,3.4734428405761717,0.3959921360015869,,34477
2330,76349440,0.3734102758462493,3.469313049316406,0.3928035259246826,,34480
2340,76677120,0.3696156860070773,3.5096481323242186,0.3969369649887085,,34474
2350,77004800,0.3658363171700978,3.429067611694336,0.39956231117248536,,34472
2360,77332480,0.36207248824209426,3.4556354522705077,0.3936372518539429,,34483
2370,77660160,0.35832451681857713,3.508871078491211,0.3999265193939209,,34477
2380,77987840,0.35459271915698676,3.420466995239258,0.39235084056854247,,34472
2390,78315520,0.3508774101500045,3.481599044799805,0.4008817672729492,,34483
2400,78643200,0.34717890329898354,3.4585948944091798,0.3993645429611206,,34484
2410,78970880,0.3434975106874949,3.4748855590820313,0.39610562324523924,,34481
2420,79298560,0.3398335429549938,3.466567611694336,0.4032804012298584,,34473
2430,79626240,0.3361873092706076,3.4732975006103515,0.40143842697143556,,34487
2440,79953920,0.33255911730704685,3.4795978546142576,0.39754927158355713,,34479
2450,80281600,0.328949273214645,3.552626037597656,0.4089164733886719,,34479
2460,80609280,0.325358081595524,3.460163879394531,0.39555404186248777,,34484
2470,80936960,0.3217858454778927,3.464883804321289,0.40210833549499514,,34482
2480,81264640,0.3182328662904756,3.4925262451171877,0.4003324031829834,,34481
2490,81592320,0.3146994438370799,3.4320545196533203,0.40511488914489746,,34476
2500,81920000,0.3111858762712958,3.4501293182373045,0.3973560094833374,,34478
2510,82247680,0.30769246007133966,3.393077087402344,0.39719743728637696,,34468
2520,82575360,0.3042194900150357,3.4845230102539064,0.402728271484375,,34471
2530,82903040,0.3007672591549434,3.423815155029297,0.4022543430328369,,34479
2540,83230720,0.297336058793628,3.417529296875,0.39348039627075193,,34476
2550,83558400,0.29392617845908203,3.4729114532470704,0.3993871212005615,,34471
2560,83886080,0.2905379058802927,3.4319801330566406,0.3959157466888428,,34474
2570,84213760,0.2871715269629648,3.435238265991211,0.40242600440979004,,34478
2580,84541440,0.28382732576539405,3.4551029205322266,0.39890093803405763,,34469
2590,84869120,0.2805055844744996,3.428287124633789,0.396844482421875,,34467
2600,85196800,0.2772065833820113,3.422454833984375,0.40563578605651857,,34477
2610,85524480,0.27393060086081983,3.4534862518310545,0.40187087059021,,34470
2620,85852160,0.270677913341486,3.3990123748779295,0.39531869888305665,,34463
2630,86179840,0.26744879528891663,3.412576675415039,0.396100378036499,,34474
2640,86507520,0.2642435191792034,3.3885936737060547,0.401366662979126,,34468
2650,86835200,0.2610623554766329,3.415102005004883,0.4035285472869873,,34470
2660,87162880,0.25790557261086244,3.4062339782714846,0.40274434089660643,,34468
2670,87490560,0.2547734369542718,3.413187789916992,0.4025750160217285,,34477
2680,87818240,0.25166621279948487,3.407854461669922,0.3986539363861084,,34467
2690,88145920,0.24858416233706937,3.4274009704589843,0.39961919784545896,,34476
2700,88473600,0.2455275456334124,3.4072429656982424,0.40484938621520994,,34480
2710,88801280,0.24249662060877625,3.4042903900146486,0.4002420425415039,,34473
2720,89128960,0.2394916430155342,3.3875053405761717,0.39734315872192383,,34470
2730,89456640,0.23651286641659072,3.3844417572021483,0.3998843193054199,,34469
2740,89784320,0.23356054216398464,3.40986328125,0.3996645212173462,,34480
2750,90112000,0.23063491937768088,3.447574234008789,0.40729050636291503,,34468
2760,90439680,0.2277362449245484,3.3743534088134766,0.39951648712158205,,34471
2770,90767360,0.2248647633975302,3.4047657012939454,0.4057131290435791,,34470
2780,91095040,0.22202071709500376,3.3658519744873048,0.40134682655334475,,34477
2790,91422720,0.21920434600033606,3.4033260345458984,0.39944145679473875,,34474
2800,91750400,0.21641588776163312,3.356907272338867,0.4010144233703613,,34467
2810,92078080,0.21365557767168772,3.369053268432617,0.3997823238372803,,34476
2820,92405760,0.21092364864812413,3.372480010986328,0.4142066478729248,,34474
2830,92733440,0.20822033121374556,3.3714447021484375,0.4017618179321289,,34460
2840,93061120,0.2055458534770812,3.3829524993896483,0.4048308849334717,,34478
2850,93388800,0.20290044111313918,3.371903991699219,0.4007730007171631,,34473
2860,93716480,0.20028431734436308,3.3623382568359377,0.4088855743408203,,34474
2870,94044160,0.19769770292179706,3.385679244995117,0.4022688388824463,,34473
2880,94371840,0.19514081610645775,3.406956100463867,0.40591840744018554,,34476
2890,94699520,0.19261387265091806,3.3822437286376954,0.4043724060058594,,34473
2900,95027200,0.19011708578110098,3.404129409790039,0.40386066436767576,,34467
2910,95354880,0.18765066617828813,3.3538368225097654,0.4055469512939453,,34473
2920,95682560,0.18521482196134145,3.3305133819580077,0.4055366039276123,,34467
2930,96010240,0.18280975866914284,3.35882568359375,0.4079707622528076,,34439
2940,96337920,0.18043567924324966,3.4188392639160154,0.40062651634216306,,34466
2950,96665600,0.17809278401077122,3.3776317596435548,0.4000725269317627,,34469
2960,96993280,0.17578127066746407,3.3881389617919924,0.39894216060638427,,34466
2970,97320960,0.1735013342610512,3.3502887725830077,0.4009554862976074,,34473
2980,97648640,0.1712531671747628,3.361336898803711,0.3996845245361328,,34475
2990,97976320,0.16903695911110372,3.368526840209961,0.4030894756317139,,34467
3000,98304000,0.1668528970758451,3.3739704132080077,0.4026360034942627,,34462
3010,98631680,0.16470116536224588,3.395732116699219,0.4040221691131592,,34470
3020,98959360,0.1625819455355006,3.33427734375,0.4000113487243652,,34477
3030,99287040,0.16049541641742018,3.345486068725586,0.4025554180145264,,34467
3040,99614720,0.15844175407134148,3.3163700103759766,0.3984463453292847,,34466
3050,99942400,0.15642113178727193,3.345223236083984,0.4016536235809326,,34478
3060,100270080,0.15443372006726624,3.313660430908203,0.39916181564331055,,34467
3070,100597760,0.15247968661104017,3.357880783081055,0.4051337242126465,,34463
3080,100925440,0.15055919630181905,3.375914764404297,0.4102036476135254,,34476
3090,101253120,0.14867241119242547,3.3594627380371094,0.40376858711242675,,34470
3100,101580800,0.14681949049160456,3.33197021484375,0.40496649742126467,,34467
3110,101908480,0.14500059055059017,3.3243644714355467,0.40455236434936526,,34465
3120,102236160,0.14321586484991153,3.3272735595703127,0.40461039543151855,,34477
3130,102563840,0.14146546398644275,3.375661087036133,0.4037790298461914,,34468
3140,102891520,0.13974953566069476,3.3387107849121094,0.40289692878723143,,34462
3150,103219200,0.13806822466435306,3.338919448852539,0.4021003246307373,,34473
3160,103546880,0.136421672868059,3.3468402862548827,0.405850887298584,,34471
3170,103874560,0.13481001920943958,3.3542781829833985,0.40163545608520507,,34471
3180,104202240,0.1332333996813831,3.3104705810546875,0.4015531539916992,,34466
3190,104529920,0.13169194732056402,3.3693668365478517,0.40649189949035647,,34466
3200,104857600,0.1301857921962178,3.3597171783447264,0.40722217559814455,,34467
3210,105185280,0.12871506139916472,3.3344871520996096,0.4084157466888428,,34464
3220,105512960,0.12727987903108634,3.3220451354980467,0.4038869380950928,,34479
3230,105840640,0.1258803661940534,3.36883430480957,0.4038857936859131,,34474
3240,106168320,0.12451664098030743,3.3305522918701174,0.40710296630859377,,34465
3250,106496000,0.12318881846229578,3.327774429321289,0.4026357173919678,,34470
3260,106823680,0.12189701068296163,3.3795024871826174,0.409023380279541,,34471
3270,107151360,0.1206413266462899,3.321887969970703,0.40494747161865235,,34462
3280,107479040,0.11942187230810933,3.2854671478271484,0.40501937866210935,,34461
3290,107806720,0.11823875056715176,3.323782730102539,0.40485448837280275,,34473
3300,108134400,0.11709206125636955,3.314800262451172,0.40870165824890137,,34465
3310,108462080,0.11598190113451129,3.293857955932617,0.40518722534179685,,34449
3320,108789760,0.11490836387795761,3.3505653381347655,0.4062471866607666,,34473
3330,109117440,0.11387154007281657,3.334452819824219,0.4076486587524414,,34468
3340,109445120,0.1128715172072796,3.2982707977294923,0.4113657474517822,,34460
3350,109772800,0.11190837966423943,3.3551727294921876,0.41180710792541503,,34464
3360,110100480,0.11098220871416986,3.297824478149414,0.4051210880279541,,34465
3370,110428160,0.11009308250826795,3.35870246887207,0.40842313766479493,,34463
3380,110755840,0.10924107607185951,3.3139694213867186,0.409885311126709,,34458
3390,111083520,0.10842626129806833,3.323029327392578,0.40875701904296874,,34463
3400,111411200,0.10764870694175009,3.3269649505615235,0.40889806747436525,,34465
3410,111738880,0.10690847861369047,3.316783905029297,0.4091347694396973,,34462
3420,112066560,0.10620563877506893,3.3035049438476562,0.40867137908935547,,34466
3430,112394240,0.10554024673218806,3.3640605926513674,0.41027116775512695,,34469
3440,112721920,0.10491235863146949,3.357859802246094,0.4129164695739746,,34466
3450,113049600,0.10432202745471604,3.3131229400634767,0.4067679405212402,,34464
3460,113377280,0.1037693030146412,3.2930233001708986,0.41135530471801757,,34468
3470,113704960,0.10325423195066562,3.32490234375,0.4077592372894287,,34467
3480,114032640,0.1027768577249819,3.308780288696289,0.4116243839263916,,34463
3490,114360320,0.10233722061888714,3.2385490417480467,0.41167821884155276,,34468
3500,114688000,0.10193535772938381,3.3215450286865233,0.4130436897277832,,34472
3510,115015680,0.1015713029660497,3.351826477050781,0.4116861343383789,,34471
3520,115343360,0.10124508704817649,3.3178287506103517,0.4069225788116455,,34464
3530,115671040,0.1009567375021776,3.303641510009766,0.4091226100921631,,34472
3540,115998720,0.1007062786592655,3.3386531829833985,0.41124887466430665,,34455
3550,116326400,0.1004937316533986,3.2855796813964844,0.4121372699737549,,34466
3560,116654080,0.10031911441949808,3.3228816986083984,0.41321816444396975,,34469
3570,116981760,0.10018244169193433,3.323050308227539,0.4134850978851318,,34476
3580,117309440,0.10008372500328376,3.2798992156982423,0.4060079097747803,,34467
3590,117637120,0.10002297268335561,3.303754425048828,0.4104167461395264,,34472
3600,117964800,0.10000018985848928,3.3464908599853516,0.41352381706237795,,34480
