step,tokens,epoch,lr_mult,train_loss,val_loss,val_ppl,val_word_ppl,train_tok_s,train_time_s,wall_time_s,peak_vram_gib,mem_val_usage,mem_val_kl,mem_val_top1pct_share,mem_train_usage_interval,mem_train_usage_cum
0,0,0.0,0.0,,10.880768667920375,53144.434643983004,235404.175052755,,0.0,3.9,,0.9828643798828125,1.202784752153823,0.2147811024751835,,
244,7995392,0.0678,0.45185185185185184,7.762039935002561,6.033332710489368,417.1027984527739,952.0166231021168,72823.28089270032,110.3,115.5,9.469,0.8254280090332031,2.385215272260517,0.4163468927332913,1.0,1.0
488,15990784,0.1356,0.9037037037037037,5.582439485143443,5.156829843851992,173.6132013281477,351.4930843324394,72723.03559376748,220.2,226.7,9.469,0.877685546875,1.8903197373770464,0.3074296554184046,0.999725341796875,1.0
732,23986176,0.2033,0.9992306384358587,4.970562043737193,4.701674168265694,110.13139668730058,209.51123644416245,72540.88585856448,330.4,338.1,9.469,0.9222373962402344,1.5579242647933125,0.24098181933464285,0.9995384216308594,1.0
976,31981568,0.2711,0.996014123073782,4.615379458568135,4.411675947831158,82.40745843698622,150.6731150108871,72357.39958044117,440.9,449.9,9.469,0.9543647766113281,1.3620795704678592,0.21164790524865004,0.9997596740722656,1.0
1220,39976960,0.3389,0.9903091442915438,4.364832643602715,4.19056163924385,66.05988236582121,117.18501130788047,72178.4941488664,551.7,561.9,9.469,0.9748077392578125,1.2174752576843897,0.19180682787289424,0.9999427795410156,1.0
1464,47972352,0.4067,0.9821475320924509,4.159504624663806,4.024314029535845,55.94192111115503,97.00540814133117,72054.70490565711,662.7,674.1,9.469,0.9836616516113281,1.1040871229722011,0.1732393835180425,0.9999580383300781,1.0
1708,55967744,0.4744,0.9715748228672951,4.022594764584401,3.9030290046672405,49.55231621394512,84.51188104721889,71978.61472454538,773.8,786.5,9.469,0.9892997741699219,1.0480062462166355,0.16906426069858052,0.9999847412109375,1.0
1952,63963136,0.5422,0.9586500053314507,3.927847690269595,3.8284753980817605,45.99236470700338,77.64451809506174,71918.53216811617,884.9,898.9,9.469,0.9920387268066406,1.007145809672041,0.16305076142003752,0.9999961853027344,1.0
2196,71958528,0.61,0.9434451914069092,3.851259075227331,3.7577695699468454,42.852739269648815,71.64790071558353,71877.33811782971,996.2,1011.4,9.469,0.9949493408203125,0.9351399211523681,0.15069255828240696,0.9999923706054688,1.0
2440,79953920,0.6778,0.9260452138855131,3.780946825371414,3.7021170515716064,40.533024093863034,67.25551937833308,71861.03023934101,1107.4,1124.0,9.469,0.9960861206054688,0.9123815381190976,0.14989373918824975,1.0,1.0
2684,87949312,0.7456,0.9065471531181608,3.7335930495965677,3.6481011918881054,38.40167935682669,63.24998208360505,71827.8527834436,1218.7,1236.5,9.469,0.9969863891601562,0.871019466220126,0.14196055428913248,1.0,1.0
2928,95944704,0.8133,0.885059795370743,3.680451440029457,3.6099352151888797,36.96365805364595,60.56447249486022,71784.23335275216,1330.1,1349.2,9.469,0.9977226257324219,0.8414753526221173,0.1399294672232192,1.0,1.0
3172,103940096,0.8811,0.8617030258688255,3.64605712890625,3.5690750791588104,35.48375830157384,57.81564431219266,71743.63807980427,1441.6,1461.9,9.469,0.9980850219726562,0.8221376037403569,0.1362862799899764,1.0,1.0
3416,111935488,0.9489,0.8366071599174892,3.614664296634862,3.539046380261382,34.43406652335339,55.87535045942522,71724.39689424656,1553.0,1574.6,9.469,0.9984703063964844,0.8145686352693371,0.13554767703988424,0.9999961853027344,1.0
3660,119930880,1.0167,0.8099122158282326,3.568722834352587,3.504145396624195,33.253013568174595,53.70190759051303,71713.27003154703,1664.5,1687.4,9.469,0.9990119934082031,0.7580807692999407,0.1283284339432373,1.0,1.0
3904,127926272,1.0844,0.7817671337095244,3.4900897917200306,3.4847393005669094,32.613923570088005,52.53018875375951,71661.93593090517,1776.1,1800.2,9.469,0.9991340637207031,0.734871240745635,0.1230655050603033,1.0,1.0
4148,135921664,1.1522,0.7523289444796398,3.486595028736552,3.4613798918986016,31.8609108081148,51.15363108502212,71645.67712189855,1887.7,1913.1,9.469,0.9993515014648438,0.7137991584723533,0.12194268079873573,1.0,1.0
4392,143917056,1.22,0.7217618937381339,3.459297805535989,3.439873031560459,31.182998660268403,49.91816040773021,71637.40467879784,1999.3,2026.0,9.469,0.9992599487304688,0.7367899487199967,0.12529931244341513,1.0,1.0
4636,151912448,1.2878,0.6902365253841736,3.4518617723808913,3.4134470143165383,30.369749000849435,48.44088839071539,71673.4775166498,2110.9,2138.8,9.469,0.9994926452636719,0.7206569262330884,0.12312553174612798,0.9999961853027344,1.0
4880,159907840,1.3556,0.6579287300945278,3.435571639264216,3.400550701424928,29.98060586446114,47.73591098330539,71660.95281378124,2222.4,2251.6,9.469,0.9993782043457031,0.7236046604140451,0.12467605798533644,1.0,1.0
5124,167903232,1.4233,0.6250187639700803,3.4110637727330944,3.376123074899031,29.25712327794734,46.42857385343398,71624.08520994241,2334.1,2364.5,9.469,0.9995613098144531,0.6919595614476624,0.12056468786375982,1.0,1.0
5368,175898624,1.4911,0.5916902428261666,3.409332025246542,3.360955539582121,28.816713237922464,45.63490609447664,71662.19518639149,2445.6,2477.4,9.469,0.9995574951171875,0.6963865268513505,0.12096412898721182,1.0,1.0
5612,183894016,1.5589,0.5581291177379302,3.3755388103547643,3.3475149141526823,28.431989842396494,44.94294743295971,71674.62237333479,2557.2,2590.2,9.469,0.9995841979980469,0.7046193387816242,0.12140354579938242,1.0,1.0
5856,191889408,1.6267,0.5245226375564749,3.3700443955718495,3.3289211795066938,27.9082174998837,44.00295683341163,71623.77007472613,2668.8,2703.1,9.469,0.9996719360351562,0.6786828707003583,0.11884462807579138,1.0,1.0
6100,199884800,1.6944,0.49105830418428653,3.3485507652407787,3.3145201636142416,27.50919090642345,43.28845712722739,71622.42082718662,2780.5,2816.0,9.469,0.9996261596679688,0.6706004546791622,0.11618106625076793,1.0,1.0
6344,207880192,1.7622,0.457922826438796,3.3354116971375514,3.297596649397864,27.047555983467664,42.463618684519304,71599.03145367689,2892.1,2928.9,9.469,0.999725341796875,0.6781623199166535,0.11866656890621463,1.0,1.0
6588,215875584,1.83,0.4253010783408333,3.331638773933786,3.284399318938675,26.692945551414592,41.831313840339526,71622.33053621373,3003.8,3041.8,9.469,0.9997024536132812,0.6792173590708526,0.11880799948265269,1.0,1.0
6832,223870976,1.8978,0.39337506764002694,3.3068007172131146,3.268852302713345,26.28115921263318,41.09850021626632,71650.47351742849,3115.3,3154.7,9.469,0.9997444152832031,0.6680612527848826,0.11623168317732079,1.0,1.0
7076,231866368,1.9656,0.362322920332104,3.298855140560963,3.2580588480108528,25.999020078190387,40.59731077968826,71642.8848995325,3226.9,3267.5,9.469,0.9997482299804688,0.6708125203368152,0.11752299896732628,1.0,1.0
7320,239861760,2.0333,0.3323178868338015,3.2267003293897285,3.2488984897904745,25.76194723475273,40.17675117885234,71609.85944283045,3338.6,3380.5,9.469,0.9998130798339844,0.6238962240467014,0.11219979078758043,1.0,1.0
7564,247857152,2.1011,0.3035273753602821,3.17093270723937,3.2423964349421874,25.59498502776482,39.880882836685664,71567.69415382216,3450.3,3493.4,9.469,0.9998321533203125,0.6101222946084786,0.1105781545554855,1.0,1.0
7808,255852544,2.1689,0.27611201789816564,3.1660586497822747,3.230509999598033,25.292552874029663,39.34562549055664,71575.94363360938,3562.0,3606.4,9.469,0.9998245239257812,0.6048671057788972,0.11028692566365958,1.0,1.0
8052,263847936,2.2367,0.2502247739854256,3.164762903432377,3.2235817189675613,25.117924605211662,39.0369587052064,71569.23382870278,3673.7,3719.4,9.469,0.9998512268066406,0.6021342952466746,0.10946773980866234,1.0,1.0
8296,271843328,2.3044,0.2260100772984703,3.157503221855789,3.2137009901924416,24.87096329287437,38.60093984067402,71539.19746956606,3785.5,3832.4,9.469,0.9998741149902344,0.6060283569732245,0.11061787763321693,1.0,1.0
8540,279838720,2.3722,0.20360302980788442,3.146675234935323,3.205100990241385,24.65799010708969,38.225403260546024,71527.81254296946,3897.3,3945.5,9.469,0.9998703002929688,0.5962456205853197,0.10932706706518576,1.0,1.0
8784,287834112,2.44,0.18312864799890832,3.150839133340804,3.197128828256358,24.46219411141696,37.88054641806988,71580.09319192977,4009.0,4058.4,9.469,0.9998664855957031,0.6010239614707462,0.10994590083098911,1.0,1.0
9028,295829504,2.5078,0.16470116536224588,3.1430153768570697,3.1891419753636083,24.267596312058984,37.53817385294689,71549.79068139716,4120.7,4171.5,9.469,0.9998359680175781,0.6002343314904532,0.10969537388446989,1.0,1.0
9272,303824896,2.5756,0.14842339504684163,3.124903444383965,3.1845382042620654,24.15613063156643,37.34223163733835,71573.18443699167,4232.4,4284.4,9.469,0.999847412109375,0.598895821603401,0.11032459627712031,1.0,1.0
9516,311820288,2.6433,0.13438615623060107,3.131773651623335,3.1778802795538437,23.995835142359184,37.060669810716135,71561.11523813113,4344.2,4397.4,9.469,0.9998703002929688,0.5895115173876757,0.10860349446882983,1.0,1.0
9760,319815680,2.7111,0.1226677674095249,3.1266364425909323,3.1705581665532443,23.82077660721312,36.7534702573664,71532.34780868726,4455.9,4510.5,9.469,0.9998703002929688,0.5957093015714126,0.10973888612700876,1.0,1.0
10004,327811072,2.7789,0.11333360943237084,3.1288582223360657,3.1662509123993092,23.718395118054445,36.57395013578882,71531.46785077882,4567.7,4623.5,9.469,0.9998664855957031,0.5941451862585172,0.10873150508657484,1.0,1.0
10248,335806464,2.8467,0.10643576071881779,3.11740737664895,3.1611921721349368,23.598712893539233,36.364228520108135,71538.75264068955,4679.5,4736.5,9.469,0.9998741149902344,0.5848707690891946,0.10777594087488279,1.0,1.0
10492,343801856,2.9144,0.10201270669637462,3.116597910396388,3.16061828042933,23.585173673341316,36.34051261189667,71548.65230467425,4791.2,4849.6,9.469,0.9998664855957031,0.5926902165359156,0.10901676604382901,1.0,1.0
10736,351797248,2.9822,0.10008912507718284,3.1164635830238216,3.156587140445362,23.490289910072956,36.17436224021489,71562.08022470893,4903.0,4962.6,9.469,0.9998664855957031,0.5851129906246548,0.10828081550910208,1.0,1.0
10800,353894400,3.0,0.10000002109538904,3.1129720211029053,3.155550979020721,23.46596278340614,36.131777927327455,71565.26350805322,4932.3,4993.1,9.469,0.9998855590820312,0.5940772309670042,0.10974340154840431,1.0,1.0
