step,tokens,epoch,lr_mult,train_loss,val_loss,val_ppl,val_word_ppl,train_tok_s,train_time_s,wall_time_s,peak_vram_gib,mem_val_usage,mem_val_kl,mem_val_top1pct_share,mem_train_usage_interval,mem_train_usage_cum,mem_val_eff_entries,mem_val_top1_weight,mem_score_scale_mean,mem_key_norm_mean,val2_loss,val2_ppl
0,0,0.0,0.0,,10.870126052843808,52581.8379428835,11799884.160752337,,0.0,8.1,,,,,,,,,,,10.888689800512472,53567.07042452661
305,9994240,0.0198,0.399737876802097,7.9608822681864755,6.323352318519963,557.4385753501158,12996.948416351766,91976.61574171243,109.2,124.1,7.892,,,,,,,,,,7.347197463056275,1551.8413352208458
610,19988480,0.0396,0.799475753604194,5.7791015625,5.427343516784601,227.54397508412305,3395.601522589095,91818.167977671,218.0,239.7,7.892,,,,,,,,,,6.717171656949353,826.4766431823957
915,29982720,0.0594,0.9997590311222202,5.104444560066598,4.853296903800523,128.16223262822416,1436.990649719603,91744.31203167603,327.0,355.3,7.892,,,,,,,,,,6.191342888059736,488.5016690006659
1220,39976960,0.0792,0.9978040523870747,4.572075515496926,4.437354052829826,84.55092815147113,770.6375763621139,91701.6343512778,436.0,471.0,7.892,,,,,,,,,,5.7830084921814375,324.7346840570077
1525,49971200,0.099,0.9938929655607657,4.262010918288935,4.215870683883808,67.75313175678164,553.0414873457619,91673.91519790518,545.0,586.8,7.892,,,,,,,,,,5.522230254330636,250.19240812089933
1830,59965440,0.1187,0.9880428551438585,4.083966364626025,4.066252532821882,58.33793295604335,441.9969343636169,91657.9443707876,654.0,702.6,7.892,,,,,,,,,,5.3217689947595215,204.74575599137867
2135,69959680,0.1385,0.9802792757249276,3.95113025102459,3.964040120682625,52.669688573077224,379.24685624379225,91632.15577870925,763.1,818.4,7.892,,,,,,,,,,5.192747829455881,179.9623800736431
2440,79953920,0.1583,0.9706361403524074,3.8635013767930326,3.8856205416342604,48.69715169557366,337.2126387246546,91618.3366261179,872.2,934.2,7.892,,,,,,,,,,5.098906498742881,163.8426471665273
2745,89948160,0.1781,0.9591555723948245,3.7990234375,3.825821644236259,45.87047409766871,308.3187422769588,91608.15704140675,981.3,1050.0,7.892,,,,,,,,,,5.019742710065297,151.37235220072765
3050,99942400,0.1979,0.9458877215365181,3.729786757172131,3.7762080777093394,43.65020932074763,286.23475948965597,91594.10605107641,1090.4,1165.9,7.892,,,,,,,,,,4.969204202449013,143.91231672024148
3355,109936640,0.2177,0.9308905447126204,3.697179175204918,3.735371278052022,41.90358055507172,269.2494347429976,91585.22750449849,1199.5,1281.7,7.892,,,,,,,,,,4.9487214161984525,140.99457524501724
3660,119930880,0.2375,0.9142295529402239,3.6584800845286884,3.702018069500105,40.52901224972761,256.1273151251265,91580.2151064304,1308.7,1397.6,7.892,,,,,,,,,,4.884471175318088,132.22052536566505
3965,129925120,0.2573,0.8959775251516294,3.625909323770492,3.670862729600165,39.28578425319793,244.44822121796608,91574.21235636895,1417.8,1513.5,7.892,,,,,,,,,,4.839883948696856,126.45467564864435
4270,139919360,0.2771,0.8762141902797198,3.6140665023053278,3.6434006397305003,38.22159384233234,234.5960078164567,91565.75186698804,1527.0,1629.4,7.892,,,,,,,,,,4.803925027285144,121.98828643369268
4575,149913600,0.2969,0.8550258789841778,3.5661761174436477,3.6177302081979272,37.252915424704355,225.74595069413957,91557.7437862316,1636.1,1745.3,7.892,,,,,,,,,,4.739233402976604,114.346510378016
4880,159907840,0.3167,0.8325051465398888,3.5462394339139345,3.597831076001308,36.51894167576126,219.1159578838844,91544.87454311647,1745.3,1861.2,7.892,,,,,,,,,,4.752245034757378,115.84406676432124
5185,169902080,0.3364,0.8087503685348322,3.507441086065574,3.5766174001073563,35.75240001263908,212.26228337043247,91535.75066179987,1854.5,1977.1,7.892,,,,,,,,,,4.734206109819848,113.77309950884587
5490,179896320,0.3562,0.7838653111435474,3.5036613089139346,3.5554900978952957,35.00497162727355,205.64959033676234,91547.99306955477,1963.7,2093.0,7.892,,,,,,,,,,4.708578078843236,110.89436470278032
5795,189890560,0.376,0.7579586778533135,3.4853211449795083,3.5383541876058207,34.41023976271052,200.43777917447153,91531.74395356787,2072.9,2209.0,7.892,,,,,,,,,,4.706011951838894,110.61016048690095
6100,199884800,0.3958,0.7311436346230444,3.4675537109375,3.519007375516596,33.75090985144835,194.7121036769143,91528.71008060905,2182.1,2324.9,7.892,,,,,,,,,,4.645701559206584,104.13639801297056
6405,209879040,0.4156,0.7035373155491109,3.454068343365779,3.5075746955590135,33.36724384512045,191.4057963200607,91524.0561559555,2291.3,2440.8,7.892,,,,,,,,,,4.65259635901364,104.85687856026985
6710,219873280,0.4354,0.6752603111974533,3.4458540119108605,3.4884564129264883,32.73537877997089,186.0017921012816,91530.35590751292,2400.5,2556.8,7.892,,,,,,,,,,4.627317143353072,102.239402176234
7015,229867520,0.4552,0.6464361418370629,3.4191246157786885,3.4751477386645315,32.30260052716102,182.3302729672816,91521.3377545442,2509.7,2672.7,7.892,,,,,,,,,,4.633243285607855,102.84708625026339
7320,239861760,0.475,0.6171907178758654,3.3846579629866804,3.4617791425553706,31.873633837350077,178.71518366967103,91538.36876620768,2618.8,2788.6,7.892,,,,,,,,,,4.588758295389584,98.37220507334617
7625,249856000,0.4948,0.5876517898559455,3.385257908555328,3.445649648014922,31.363652164073695,174.4487807304602,91517.69121225808,2728.0,2904.6,7.892,,,,,,,,,,4.638064403794811,103.34412137808438
7930,259850240,0.5146,0.557948390410652,3.374371237832992,3.4354671265947854,31.045911549778108,171.80800776481777,91538.52127014923,2837.2,3020.5,7.892,,,,,,,,,,4.5894748274414345,98.44271717036435
8235,269844480,0.5344,0.5282102706212458,3.355481557377049,3.420314796059557,30.579039667262663,167.95216675854644,91507.58279612004,2946.5,3136.4,7.892,,,,,,,,,,4.5776664577731685,97.28710554743057
8540,279838720,0.5541,0.4985673332352031,3.343458031826332,3.4097392207757364,30.25735274149665,165.3123737042177,91510.73957213158,3055.7,3252.4,7.892,,,,,,,,,,4.520548137502349,91.88595031219984
8845,289832960,0.5739,0.4691490652220086,3.3338462954661887,3.3948160983596103,29.809171015388483,161.65780927491022,91515.12547191915,3164.9,3368.3,7.892,,,,,,,,,,4.521987548457103,92.01830719078514
9150,299827200,0.5937,0.4400839721451604,3.318222496157787,3.38528894128656,29.52652291524757,159.36704465043678,91518.33131203939,3274.1,3484.3,7.892,,,,,,,,,,4.488564965688481,88.99364526699391
9455,309821440,0.6135,0.4114990168211734,3.3218906089907785,3.373767160288751,29.188277123435952,156.64000493521587,91528.10430953832,3383.3,3600.2,7.892,,,,,,,,,,4.5017475243254905,90.17457595629571
9760,319815680,0.6333,0.38351906471764896,3.3041139696465165,3.362211881516646,28.85293963478425,153.95190396172734,91519.6830212004,3492.5,3716.1,7.892,,,,,,,,,,4.486241516928346,88.78711311858264
10065,329809920,0.6531,0.3562663385130287,3.297223800909324,3.3510094390026888,28.531519941351952,151.3899300748388,91509.77756014357,3601.7,3832.1,7.892,,,,,,,,,,4.52088008511443,91.91645669697046
10370,339804160,0.6729,0.32985988420064666,3.2865796698898566,3.3412242713140134,28.253695729354956,149.18699352570542,91521.94350480064,3710.9,3948.0,7.892,,,,,,,,,,4.454393495939657,86.00397326478992
10675,349798400,0.6927,0.3044150510692458,3.270114586001537,3.3315028585311395,27.98036064476487,147.03015435651872,91516.02256545598,3820.1,4064.0,7.892,,,,,,,,,,4.4618097479769645,86.64417140784163
10980,359792640,0.7125,0.2800429878315313,3.2708972368084015,3.3214467301587605,27.70039658278238,144.83185907877763,91522.97321059833,3929.3,4179.9,7.892,,,,,,,,,,4.443912968031322,85.10731316587928
11285,369786880,0.7323,0.25685015710177206,3.2622386494620903,3.3121873325277855,27.445091406436447,142.83680722330226,91503.18537047603,4038.6,4295.9,7.892,,,,,,,,,,4.4378120653512205,84.58966240496947
11590,379781120,0.7521,0.23493787034333216,3.244091396644467,3.3046936239606333,27.240194567279588,141.2423332276999,91540.73782842062,4147.7,4411.8,7.892,,,,,,,,,,4.409880348477173,82.25962042649257
11895,389775360,0.7719,0.21440184531757486,3.2391913742315572,3.296735086472137,27.024262847692743,139.56844002935497,91567.73681857238,4256.9,4527.7,7.892,,,,,,,,,,4.3804072417902065,79.87055341003804
12200,399769600,0.7916,0.1953317879673098,3.2260281922387297,3.289757833330465,26.836363996038486,138.11726463568843,91582.57049120145,4366.0,4643.5,7.892,,,,,,,,,,4.393058086862372,80.88740184137869
12505,409763840,0.8114,0.1778110005612032,3.2340482117699794,3.282446032815107,26.640857479287178,136.6126964518687,91565.5130119112,4475.2,4759.4,7.892,,,,,,,,,,4.420221996587983,83.11473449791467
12810,419758080,0.8312,0.16191601781086817,3.2125964555584017,3.2771221331441107,26.499401110793684,135.52750560894617,91579.46968040025,4584.3,4875.3,7.892,,,,,,,,,,4.40704556870122,82.02676272421914
13115,429752320,0.851,0.14771627255015501,3.216234951331967,3.270895565796863,26.334913433350152,134.2692521749025,91600.78352403785,4693.4,4991.1,7.892,,,,,,,,,,4.385366667452918,80.26764935230732
13420,439746560,0.8708,0.13527379243702872,3.208347207991803,3.2651647467956995,26.18442443552309,133.1215048937897,91601.68624832478,4802.5,5107.0,7.892,,,,,,,,,,4.384255520528937,80.1785097334123
13725,449740800,0.8906,0.12464292900290996,3.192730212602459,3.2616075816765733,26.091447579311165,132.4140292367809,91614.0275128265,4911.6,5222.8,7.892,,,,,,,,,,4.364706226605065,78.62629823404615
14030,459735040,0.9104,0.11587012023304813,3.2073544361552253,3.2573305949109757,25.98009310387503,131.56836640434506,91602.87620648867,5020.7,5338.7,7.892,,,,,,,,,,4.363636156595825,78.54220758983051
14335,469729280,0.9302,0.10899368771503398,3.1964717677382173,3.25357842056564,25.88279392094497,130.83092015169606,91599.28729573802,5129.8,5454.5,7.892,,,,,,,,,,4.3654949531008755,78.68833734145855
14640,479723520,0.95,0.1040436692415474,3.1951938316470287,3.2505501358517206,25.80453201124151,130.23876125904025,91600.110669683,5238.9,5570.3,7.892,,,,,,,,,,4.337943714751295,76.54996881718029
14945,489717760,0.9698,0.10104168759857202,3.181546370709529,3.2475629801934005,25.727564871080055,129.65727074416733,91575.75368052252,5348.1,5686.2,7.892,,,,,,,,,,4.365420329249687,78.68246553377372
15250,499712000,0.9896,0.10000085611223805,3.192645163614242,3.2453078671224813,25.66961167332349,129.2200027483187,91583.81083703769,5457.2,5802.1,7.892,,,,,,,,,,4.370608891826229,79.09177537647999
15258,499974144,0.9901,0.1000000105692902,3.1718175411224365,3.245131842922775,25.66509359812887,129.1859336437406,91577.42149004762,5460.1,5811.7,7.892,,,,,,,,,,4.361559472259967,78.37926946171167
