step,tokens,epoch,lr_mult,train_loss,val_loss,val_ppl,val_word_ppl,train_tok_s,train_time_s,wall_time_s,peak_vram_gib,mem_val_usage,mem_val_kl,mem_val_top1pct_share,mem_train_usage_interval,mem_train_usage_cum,mem_val_eff_entries,mem_val_top1_weight,mem_score_scale_mean,mem_key_norm_mean
0,0,0.0,0.0,,10.880768967895921,53144.450586016224,235404.2553271755,,0.0,3.9,,0.9828643798828125,1.2027842783394949,0.2147810708988101,,,31.901862226093908,0.03828964172650922,1.0,0.40780889987945557
244,7995392,0.0678,0.45185185185185184,7.762163005891393,6.037110598584469,418.6815464383771,956.1139782995656,73084.80492523134,109.9,115.1,9.473,0.8206329345703125,2.387280844456411,0.4141610182849937,1.0,1.0,31.5089546332139,0.04875647635858767,1.0223695039749146,0.40796953439712524
488,15990784,0.1356,0.9037037037037037,5.582750164094518,5.156474788255156,173.55156993126513,351.3512430671088,72860.10821220216,219.6,226.1,9.473,0.8794937133789062,1.8991314345215269,0.30871216140023283,0.9997062683105469,1.0,31.115482391624834,0.05741156311237442,1.112768530845642,0.4147941768169403
732,23986176,0.2033,0.9992306384358587,4.971297467341189,4.703308185396446,110.31150038230942,209.90076960466834,72732.34644904012,329.6,337.3,9.473,0.9306907653808594,1.553558642534842,0.2377723335899861,0.9995574951171875,1.0,30.51075679946679,0.06702744850930585,1.2627699375152588,0.4318794906139374
976,31981568,0.2711,0.996014123073782,4.614027679943647,4.409646909282468,82.24042004809115,150.32597682740578,72521.17044714982,439.8,448.8,9.473,0.9617424011230469,1.3822115432611444,0.20993577113040385,0.9998130798339844,1.0,29.66338067136927,0.07953327840825468,1.4295086860656738,0.4508917033672333
1220,39976960,0.3389,0.9903091442915438,4.361988005090932,4.183420878236515,65.5898447441196,116.23761397396915,72335.0764170635,550.3,560.6,9.473,0.9802017211914062,1.2396587124883869,0.1877830190347431,0.9999618530273438,1.0,28.749707515947332,0.09175549172659744,1.5980310440063477,0.46934083104133606
1464,47972352,0.4067,0.9821475320924509,4.156549172323258,4.02484794357921,55.97179726338796,97.06430283749816,72204.13975154675,661.1,672.6,9.473,0.9890060424804688,1.135297985973322,0.16930566207318848,0.9999961853027344,1.0,27.890830380626657,0.10305037032691777,1.7336435317993164,0.48640528321266174
1708,55967744,0.4744,0.9715748228672951,4.020977583087858,3.904929019193951,49.64655583455699,84.69461568732486,72117.0212407618,771.9,784.7,9.473,0.9933242797851562,1.0801835184369306,0.16183409217673878,0.9999961853027344,1.0,27.1085787228039,0.11324707677825584,1.8241262435913086,0.5018203854560852
1952,63963136,0.5422,0.9586500053314507,3.9281851346375514,3.831241017705883,46.1197381454511,77.88900928136688,72043.71169744188,882.9,897.0,9.473,0.9948081970214844,1.0452886341659031,0.15669178504017525,0.9999923706054688,1.0,26.636448835160216,0.11936270289837835,1.8548858165740967,0.5155988931655884
2196,71958528,0.61,0.9434451914069092,3.8521003097784323,3.7567420372596154,42.808729294028396,71.56425906645299,72011.57492855166,993.9,1009.3,9.473,0.9969100952148438,0.9704198048864932,0.14729134079849324,0.9999961853027344,1.0,26.382497667769062,0.12250048816579888,1.8704538345336914,0.5285004377365112
2440,79953920,0.6778,0.9260452138855131,3.780313210409196,3.699795648368411,40.439039731901914,67.07827082812898,71974.6364607454,1105.0,1121.6,9.473,0.9978408813476562,0.9412320103071661,0.14379665724932905,0.9999961853027344,1.0,26.083031581615074,0.12632577794790076,1.87733793258667,0.5405488014221191
2684,87949312,0.7456,0.9065471531181608,3.733187816182121,3.644865604323791,38.277628158133446,63.01776605199522,71943.39218553364,1216.2,1234.0,9.473,0.9983787536621094,0.9055295489044468,0.13820574457593687,0.9999961853027344,1.0,25.92416344240318,0.1294044698210173,1.8686412572860718,0.5514943599700928
2928,95944704,0.8133,0.885059795370743,3.6788172487352715,3.608435228908814,36.90825463627536,60.46128855663955,71909.86104466754,1327.4,1346.5,9.473,0.9986686706542969,0.8866484105500252,0.13904914950932842,1.0,1.0,25.834756488376357,0.13039138884727386,1.8570818901062012,0.5618106126785278
3172,103940096,0.8811,0.8617030258688255,3.644317877097208,3.5639146807338147,35.30111962060339,57.47747633572895,71888.38239346715,1438.6,1459.0,9.473,0.9989089965820312,0.8770150829076595,0.13814473902253693,0.9999961853027344,1.0,25.697957502811562,0.13195357734511687,1.8431615829467773,0.571287989616394
3416,111935488,0.9489,0.8366071599174892,3.6129995877625514,3.539042698653596,34.433939750859345,55.87511661126229,71828.5753271173,1549.9,1571.6,9.473,0.9989814758300781,0.8647365682045933,0.13651536657896013,0.9999961853027344,1.0,25.673995787648636,0.1322799307894444,1.8299859762191772,0.580428957939148
3660,119930880,1.0167,0.8099122158282326,3.566437768154457,3.5029281146019002,33.21255989932811,53.627647142975725,71821.24844832672,1661.2,1684.2,9.473,0.9993820190429688,0.7970444464730502,0.128879978457335,0.9999961853027344,1.0,25.65525913340285,0.13239092676824651,1.826904058456421,0.5890415906906128
3904,127926272,1.0844,0.7817671337095244,3.485774806288422,3.485154081887262,32.627454022263706,52.55496340987003,71772.92396125225,1772.6,1796.8,9.473,0.9995498657226562,0.7796969101546996,0.1262108276142206,0.9999961853027344,1.0,25.548441720971713,0.13398912830496482,1.8220860958099365,0.5970543622970581
4148,135921664,1.1522,0.7523289444796398,3.48357654008709,3.4615245126755143,31.865518890993247,51.162041548877625,71762.17565037044,1884.0,1909.5,9.473,0.9995765686035156,0.7635358058079174,0.12501878794217028,0.9999961853027344,1.0,25.584829153505634,0.13326639402431895,1.8044319152832031,0.6040613651275635
4392,143917056,1.22,0.7217618937381339,3.4553092581326843,3.4353574878064674,31.04250790024298,49.662577658289095,71796.62794816267,1995.4,2022.2,9.473,0.9995994567871094,0.7865546135789483,0.12968043952290878,0.9999961853027344,1.0,25.563249188929273,0.13354294391123528,1.788126826286316,0.6102779507637024
4636,151912448,1.2878,0.6902365253841736,3.448404531009862,3.410215007710319,30.271752219876312,48.263238944823904,71770.10236367374,2106.8,2134.8,9.473,0.9996223449707031,0.7587534831991825,0.12548463417887282,0.9999961853027344,1.0,25.59755993416705,0.13326050990281646,1.769206166267395,0.6160467863082886
4880,159907840,1.3556,0.6579287300945278,3.431968563892802,3.3965513178983597,29.86094137484795,47.51937579101035,71775.49711060869,2218.2,2247.5,9.473,0.9996871948242188,0.7650743459240932,0.12863336698111683,1.0,1.0,25.565339410648463,0.1337474900767201,1.7608613967895508,0.6212524175643921
5124,167903232,1.4233,0.6250187639700803,3.4076062812179817,3.3729451043485468,29.16429258650851,46.26114586450164,71753.89966812468,2329.6,2360.2,9.473,0.9997444152832031,0.7315284442569858,0.12337261686794711,0.9999961853027344,1.0,25.59666505185093,0.13308351285883074,1.7490262985229492,0.6261435747146606
5368,175898624,1.4911,0.5916902428261666,3.405967587330302,3.358822894018513,28.755322887474957,45.52440499452104,71757.89157992516,2441.0,2472.9,9.473,0.999664306640625,0.7422122314486757,0.1237342294960714,0.9999961853027344,1.0,25.533916979967444,0.1340655703878728,1.7406620979309082,0.6303675174713135
5612,183894016,1.5589,0.5581291177379302,3.3724853015336835,3.3444913441740076,28.346153562866725,44.78873744074571,71766.2993226413,2552.5,2585.6,9.473,0.999725341796875,0.7289455896021799,0.12275675128124293,0.9999961853027344,1.0,25.617918710131672,0.132887903331234,1.731392741203308,0.634286642074585
5856,191889408,1.6267,0.5245226375564749,3.3668325455462345,3.3274817389490905,27.868074178617707,43.93101236450086,71748.42623847164,2663.9,2698.3,9.473,0.9998092651367188,0.7000287936460374,0.11869325094173376,0.9999961853027344,1.0,25.683863341181958,0.13182200655294413,1.7227158546447754,0.6377363204956055
6100,199884800,1.6944,0.49105830418428653,3.3454384725601947,3.3104853967877608,27.398421350467025,43.090362798410105,71836.0846650232,2775.2,2810.9,9.473,0.9997901916503906,0.705485698475897,0.11948376544968797,0.9999961853027344,1.0,25.61370666269057,0.13287308161591807,1.7149085998535156,0.6408217549324036
6344,207880192,1.7622,0.457922826438796,3.3320500108062245,3.2937145227603764,26.942757498018594,42.2766340825222,71820.92831557835,2886.5,2923.5,9.473,0.9997749328613281,0.7077075355890106,0.12014664825637793,0.9999961853027344,1.0,25.63482229669615,0.13268820130212558,1.7081224918365479,0.6434282660484314
6588,215875584,1.83,0.4253010783408333,3.3285012167008197,3.2801049380774687,26.578561656699655,41.62760047528777,71759.8228885641,2997.9,3036.1,9.473,0.9997825622558594,0.7069181183811342,0.12099971556002845,0.9999961853027344,1.0,25.658320454909443,0.13226786472943328,1.7021663188934326,0.6458076238632202
6832,223870976,1.8978,0.39337506764002694,3.3037284475858093,3.26514531147061,26.183915537667225,40.92567389753419,71757.4705922452,3109.4,3148.8,9.473,0.9998435974121094,0.6895663294396339,0.11772246691806512,0.9999961853027344,1.0,25.676518471483757,0.13195731488995452,1.7009479999542236,0.6478775143623352
7076,231866368,1.9656,0.362322920332104,3.2961650910924694,3.2544548559378486,25.90548846076488,40.431325778225315,71688.38260491674,3220.9,3261.6,9.473,0.99981689453125,0.6897771756042754,0.11825781275261099,0.9999961853027344,1.0,25.671286349300114,0.13194750484464457,1.6995794773101807,0.6496812105178833
7320,239861760,2.0333,0.3323178868338015,3.222043897284836,3.2459705587262446,25.686628347231974,40.04324843314891,71700.8448828354,3332.4,3374.4,9.473,0.9998741149902344,0.6559545440253114,0.11587101784039835,0.9999961853027344,1.0,25.69196428345883,0.13146801767630778,1.7146728038787842,0.6517348885536194
7564,247857152,2.1011,0.3035273753602821,3.164909738009093,3.2402649448764933,25.540487672365295,39.78436688042074,71702.36385786122,3443.9,3487.2,9.473,0.9999008178710938,0.6391756442641778,0.11451032875804314,0.9999961853027344,1.0,25.614681780571487,0.13238114718920307,1.731252908706665,0.6534861326217651
7808,255852544,2.1689,0.27611201789816564,3.160038181992828,3.2284650130072556,25.240882792874196,39.254264814475384,71686.96630156215,3555.4,3600.0,9.473,0.9999122619628906,0.6334642987788222,0.11224655539657905,0.9999961853027344,1.0,25.5706639371418,0.13290807477493624,1.7359429597854614,0.6548036336898804
8052,263847936,2.2367,0.2502247739854256,3.158689655241419,3.219833166310106,25.02394499598732,38.87096497493192,71684.7889214299,3667.0,3712.8,9.473,0.9999046325683594,0.6309637113539388,0.11208030579065219,0.9999961853027344,1.0,25.57318374752694,0.13283283364265153,1.736733078956604,0.6558083891868591
8296,271843328,2.3044,0.2260100772984703,3.1518134445440573,3.211417982872533,24.814247467579865,38.50088943866809,71681.76470648742,3778.5,3825.6,9.473,0.9998970031738281,0.6294047863170409,0.11315927046957351,0.9999961853027344,1.0,25.622036210016734,0.13215860659211107,1.7354098558425903,0.6565691232681274
8540,279838720,2.3722,0.20360302980788442,3.1409912109375,3.2020871497327628,24.583786732379235,38.09466410308488,71684.78824279801,3890.0,3938.4,9.473,0.9999313354492188,0.6291531091342772,0.11289778652148608,0.9999961853027344,1.0,25.581336325068406,0.13263442800252156,1.7355916500091553,0.6572808027267456
8784,287834112,2.44,0.18312864799890832,3.144928728947874,3.194828253125082,24.40598168123996,37.781608680210375,71685.79585368058,4001.6,4051.2,9.473,0.9999008178710938,0.6302921327696485,0.11282383465499402,0.9999961853027344,1.0,25.579788024963523,0.13272516924876934,1.736398696899414,0.657800555229187
9028,295829504,2.5078,0.16470116536224588,3.136784287749744,3.185701762045313,24.184254043810594,37.39165730792696,71679.45800329592,4113.1,4164.1,9.473,0.9999275207519531,0.6279029959572657,0.11316252283603324,0.9999961853027344,1.0,25.61358176629265,0.1322436085858038,1.7361056804656982,0.658295750617981
9272,303824896,2.5756,0.14842339504684163,3.118743146052126,3.1822371954490363,24.10061106210018,37.244681527188604,71695.60886148503,4224.6,4276.9,9.473,0.9998893737792969,0.6279382361831054,0.11367971225587674,0.9999961853027344,1.0,25.626489354909847,0.13206705681802106,1.736024022102356,0.6586500406265259
9516,311820288,2.6433,0.13438615623060107,3.1260873763287655,3.1762082730856127,23.955747473550435,36.99029525905931,71684.0503849116,4336.2,4389.7,9.473,0.9999275207519531,0.6217117545789748,0.1122440292867074,0.9999961853027344,1.0,25.605534543321017,0.1323833522931694,1.7377934455871582,0.6589731574058533
9760,319815680,2.7111,0.1226677674095249,3.121236582271388,3.16951881591489,23.796031329577957,36.7100711304648,71688.25248511022,4447.7,4502.5,9.473,0.99993896484375,0.6256531427713004,0.11383509958935557,0.9999961853027344,1.0,25.620332893600757,0.13215485554097306,1.737656593322754,0.659246563911438
10004,327811072,2.7789,0.11333360943237084,3.1232715043865267,3.164626835905608,23.679905893257533,36.50648885217263,71676.19873195585,4559.3,4615.3,9.473,0.9999198913574219,0.6229072005489176,0.11318156338919068,0.9999961853027344,1.0,25.625054591602552,0.1320320160477524,1.7375599145889282,0.6594687700271606
10248,335806464,2.8467,0.10643576071881779,3.1116195428566855,3.159936025517562,23.56908806062587,36.31233874824908,71670.10033436859,4670.8,4728.1,9.473,0.9999351501464844,0.6141931590400489,0.11187745916796003,0.9999961853027344,1.0,25.654290472890295,0.13159173113200384,1.73843252658844,0.6596706509590149
10492,343801856,2.9144,0.10201270669637462,3.1116142898309427,3.1580849686776586,23.52550069275437,36.23600893217663,71674.30914892978,4782.4,4841.0,9.473,0.9999160766601562,0.6262033904268964,0.11470632330770847,0.9999961853027344,1.0,25.629290992321636,0.1319883064528798,1.7395451068878174,0.659884512424469
10736,351797248,2.9822,0.10008912507718284,3.1108823682441087,3.15475331690462,23.447252337175115,36.09902964673628,71666.71218459736,4893.9,4953.8,9.473,0.99993896484375,0.6130407562018636,0.11197401971780321,0.9999961853027344,1.0,25.643757841992333,0.1317201394455376,1.7401509284973145,0.6600626707077026
10800,353894400,3.0,0.10000002109538904,3.106736660003662,3.154285926385906,23.436295874415695,36.07985456835055,71664.65487351862,4923.2,4984.3,9.473,0.9999198913574219,0.6175133372663879,0.11280109966614932,0.9999961853027344,1.0,25.635942361972095,0.13179567343018375,1.7399547100067139,0.6601071953773499
